<?xml version="1.0" encoding="UTF-8"?><rss version="2.0"
	xmlns:content="http://purl.org/rss/1.0/modules/content/"
	xmlns:dc="http://purl.org/dc/elements/1.1/"
	xmlns:atom="http://www.w3.org/2005/Atom"
	xmlns:sy="http://purl.org/rss/1.0/modules/syndication/"
	
	>
<channel>
	<title>
	Các phản hồi luận về: Bó 5 cành hoa Brazil hoa hạnh phúc hoa khô đạo cụ chụp decor trang trí màu tự nhiên	</title>
	<atom:link href="http://localhost/myproject/wordpress/san-pham/bo-5-canh-hoa-brazil-hoa-hanh-phuc-hoa-kho-dao-cu-chup-decor-trang-tri-mau-tu-nhien/feed/" rel="self" type="application/rss+xml" />
	<link>https://lethiphuonglan.github.io/Bloom-flower/san-pham/bo-5-canh-hoa-brazil-hoa-hanh-phuc-hoa-kho-dao-cu-chup-decor-trang-tri-mau-tu-nhien/</link>
	<description>Let flowers speak for you!</description>
	<lastBuildDate>Tue, 06 Jul 2021 18:47:42 +0000</lastBuildDate>
	<sy:updatePeriod>
	hourly	</sy:updatePeriod>
	<sy:updateFrequency>
	1	</sy:updateFrequency>
	<generator>https://wordpress.org/?v=5.7.2</generator>
</channel>
</rss>
