<?xml version="1.0" encoding="UTF-8"?><rss version="2.0"
	xmlns:content="http://purl.org/rss/1.0/modules/content/"
	xmlns:wfw="http://wellformedweb.org/CommentAPI/"
	xmlns:dc="http://purl.org/dc/elements/1.1/"
	xmlns:atom="http://www.w3.org/2005/Atom"
	xmlns:sy="http://purl.org/rss/1.0/modules/syndication/"
	xmlns:slash="http://purl.org/rss/1.0/modules/slash/"
	>

<channel>
	<title>đuôi thỏ &#8211; Bloom Flower</title>
	<atom:link href="http://localhost/myproject/wordpress/tu-khoa-san-pham/duoi-tho/feed/" rel="self" type="application/rss+xml" />
	<link>https://lethiphuonglan.github.io/Bloom-flower</link>
	<description>Let flowers speak for you!</description>
	<lastBuildDate>Tue, 06 Jul 2021 18:21:24 +0000</lastBuildDate>
	<language>vi</language>
	<sy:updatePeriod>
	hourly	</sy:updatePeriod>
	<sy:updateFrequency>
	1	</sy:updateFrequency>
	<generator>https://wordpress.org/?v=5.7.2</generator>

<image>
	<url>https://lethiphuonglan.github.io/Bloom-flower/wp-content/uploads/2021/07/cropped-c1ccc56ac57d55e50ef33edf2eae586e-1-32x32.jpeg</url>
	<title>đuôi thỏ &#8211; Bloom Flower</title>
	<link>https://lethiphuonglan.github.io/Bloom-flower</link>
	<width>32</width>
	<height>32</height>
</image> 
	<item>
		<title>Cỏ đuôi thỏ Lagurus xuất xứ Nhật/Mỹ</title>
		<link>https://lethiphuonglan.github.io/Bloom-flower/san-pham/co-duoi-tho-lagurus-xuat-xu-nhat-my/</link>
					<comments>https://lethiphuonglan.github.io/Bloom-flower/san-pham/co-duoi-tho-lagurus-xuat-xu-nhat-my/#respond</comments>
		
		<dc:creator><![CDATA[lethiphuonglan]]></dc:creator>
		<pubDate>Tue, 06 Jul 2021 18:21:23 +0000</pubDate>
				<guid isPermaLink="false">https://lethiphuonglan.github.io/Bloom-flower/?post_type=product&#038;p=214</guid>

					<description><![CDATA[✪ Đầu bông Mỹ và Italy 1,5-3cm.

✪ Đầu bông Nhật: 1-2cm.

✪ Chiều dài: nhiều kích cỡ.]]></description>
										<content:encoded><![CDATA[<p>♛♛ Đuôi thỏ nhập khẩu Nhật/Mỹ chính ngạch (HÀNG HIẾM) ♛♛</p>
<p>Lưu ý: Quý khách vui lòng đọc kỹ mô tả trước khi mua hàng giúp tớ với, nhiều cậu bảo đuôi nhỏ mà tớ không biết phải trả lời như nào :((( đuôi thỏ Mỹ thì nó be bé vừa phải nhìn siêu sang, đâu phải cái gì to đùng là đẹp đâu ạ (ảnh 3,4). Các cậu thích đuôi to thì tìm hàng Trung Quốc đi ạ, bán đầy luôn :((( đuôi vừa to vừa dài trông cực thô, tiền nào của đó, tớ theo đuổi phong cách và vẻ đẹp vintage sang trọng cổ điển nên cái gì thanh sang thì tớ chọn. Tớ xin cảm ơn ạ :'(<br />
Các cậu cắm cành cao cành thấp đẹp lắm nha!</p>
<p>Đây không phải đuôi thỏ Trung Quốc tràn lan trên thị trường nên mn lưu ý phân biệt giúp tớ nha T o T. Các cậu đã mua hoa Trung đảm bảo mua 1 bó bông thì vứt hết nửa ý, đuôi Trung siêu dễ rụng, tưa, màu sắc kém sang&#8230; :'(</p>
<p>Hoa bên tớ bán cho khách toàn được tớ tuyển chọn lựa từng cọng luôn ạ :(( Các cậu yên tâm nhé!</p>
<p>LƯU Ý: Loại của Nhật nó khác ở chỗ đuôi ngắn và mini hơn nữa<br />
✪ Chiều dài đầu bông Nhật: 1-2cm<br />
Hàng Nhật hiếm lắm tớ đang hết.</p>
]]></content:encoded>
					
					<wfw:commentRss>https://lethiphuonglan.github.io/Bloom-flower/san-pham/co-duoi-tho-lagurus-xuat-xu-nhat-my/feed/</wfw:commentRss>
			<slash:comments>0</slash:comments>
		
		
			</item>
	</channel>
</rss>
