<?xml version="1.0" encoding="UTF-8"?><rss version="2.0"
	xmlns:content="http://purl.org/rss/1.0/modules/content/"
	xmlns:wfw="http://wellformedweb.org/CommentAPI/"
	xmlns:dc="http://purl.org/dc/elements/1.1/"
	xmlns:atom="http://www.w3.org/2005/Atom"
	xmlns:sy="http://purl.org/rss/1.0/modules/syndication/"
	xmlns:slash="http://purl.org/rss/1.0/modules/slash/"
	>

<channel>
	<title>Sản phẩm &#8211; Bloom Flower</title>
	<atom:link href="http://localhost/myproject/wordpress/cua-hang/feed/" rel="self" type="application/rss+xml" />
	<link>https://lethiphuonglan.github.io/Bloom-flower</link>
	<description>Let flowers speak for you!</description>
	<lastBuildDate>Thu, 15 Jul 2021 08:37:21 +0000</lastBuildDate>
	<language>vi</language>
	<sy:updatePeriod>
	hourly	</sy:updatePeriod>
	<sy:updateFrequency>
	1	</sy:updateFrequency>
	<generator>https://wordpress.org/?v=5.7.2</generator>

<image>
	<url>https://lethiphuonglan.github.io/Bloom-flower/wp-content/uploads/2021/07/cropped-c1ccc56ac57d55e50ef33edf2eae586e-1-32x32.jpeg</url>
	<title>Sản phẩm &#8211; Bloom Flower</title>
	<link>https://lethiphuonglan.github.io/Bloom-flower</link>
	<width>32</width>
	<height>32</height>
</image> 
	<item>
		<title>Giỏ nan trang trí phối ren</title>
		<link>https://lethiphuonglan.github.io/Bloom-flower/san-pham/gio-nan-trang-tri-phoi-ren/</link>
					<comments>https://lethiphuonglan.github.io/Bloom-flower/san-pham/gio-nan-trang-tri-phoi-ren/#respond</comments>
		
		<dc:creator><![CDATA[lethiphuonglan]]></dc:creator>
		<pubDate>Wed, 07 Jul 2021 18:17:30 +0000</pubDate>
				<guid isPermaLink="false">https://lethiphuonglan.github.io/Bloom-flower/?post_type=product&#038;p=476</guid>

					<description><![CDATA[<ul>
<li>Giỏ nan, tre làm thủ công</li>
<li>Thiết kế phù hợp cho phong cách decor vintage, thân thiện</li>
</ul>
<p>Bài viết <a rel="nofollow" href="https://lethiphuonglan.github.io/Bloom-flower/san-pham/gio-nan-trang-tri-phoi-ren/">Giỏ nan trang trí phối ren</a> đã xuất hiện đầu tiên vào ngày <a rel="nofollow" href="https://lethiphuonglan.github.io/Bloom-flower">Bloom Flower</a>.</p>
]]></description>
										<content:encoded><![CDATA[<p>Bài viết <a rel="nofollow" href="https://lethiphuonglan.github.io/Bloom-flower/san-pham/gio-nan-trang-tri-phoi-ren/">Giỏ nan trang trí phối ren</a> đã xuất hiện đầu tiên vào ngày <a rel="nofollow" href="https://lethiphuonglan.github.io/Bloom-flower">Bloom Flower</a>.</p>
]]></content:encoded>
					
					<wfw:commentRss>https://lethiphuonglan.github.io/Bloom-flower/san-pham/gio-nan-trang-tri-phoi-ren/feed/</wfw:commentRss>
			<slash:comments>0</slash:comments>
		
		
			</item>
		<item>
		<title>giỏ nan, tre &#8211; mẫu mới</title>
		<link>https://lethiphuonglan.github.io/Bloom-flower/san-pham/gio-nan-tre-mau-moi/</link>
					<comments>https://lethiphuonglan.github.io/Bloom-flower/san-pham/gio-nan-tre-mau-moi/#respond</comments>
		
		<dc:creator><![CDATA[lethiphuonglan]]></dc:creator>
		<pubDate>Wed, 07 Jul 2021 18:16:15 +0000</pubDate>
				<guid isPermaLink="false">https://lethiphuonglan.github.io/Bloom-flower/?post_type=product&#038;p=475</guid>

					<description><![CDATA[<ul>
<li>Giỏ nan, tre làm thủ công</li>
<li>Thiết kế phù hợp cho phong cách decor vintage, thân thiện</li>
</ul>
<p>Bài viết <a rel="nofollow" href="https://lethiphuonglan.github.io/Bloom-flower/san-pham/gio-nan-tre-mau-moi/">giỏ nan, tre &#8211; mẫu mới</a> đã xuất hiện đầu tiên vào ngày <a rel="nofollow" href="https://lethiphuonglan.github.io/Bloom-flower">Bloom Flower</a>.</p>
]]></description>
										<content:encoded><![CDATA[<p>Bài viết <a rel="nofollow" href="https://lethiphuonglan.github.io/Bloom-flower/san-pham/gio-nan-tre-mau-moi/">giỏ nan, tre &#8211; mẫu mới</a> đã xuất hiện đầu tiên vào ngày <a rel="nofollow" href="https://lethiphuonglan.github.io/Bloom-flower">Bloom Flower</a>.</p>
]]></content:encoded>
					
					<wfw:commentRss>https://lethiphuonglan.github.io/Bloom-flower/san-pham/gio-nan-tre-mau-moi/feed/</wfw:commentRss>
			<slash:comments>0</slash:comments>
		
		
			</item>
		<item>
		<title>Giỏ nan, tre</title>
		<link>https://lethiphuonglan.github.io/Bloom-flower/san-pham/gio-nan-tre/</link>
					<comments>https://lethiphuonglan.github.io/Bloom-flower/san-pham/gio-nan-tre/#respond</comments>
		
		<dc:creator><![CDATA[lethiphuonglan]]></dc:creator>
		<pubDate>Wed, 07 Jul 2021 18:15:06 +0000</pubDate>
				<guid isPermaLink="false">https://lethiphuonglan.github.io/Bloom-flower/?post_type=product&#038;p=474</guid>

					<description><![CDATA[<ul>
<li>Giỏ nan, tre làm thủ công</li>
<li>Thiết kế phù hợp cho phong cách decor vintage, thân thiện</li>
</ul>
<p>Bài viết <a rel="nofollow" href="https://lethiphuonglan.github.io/Bloom-flower/san-pham/gio-nan-tre/">Giỏ nan, tre</a> đã xuất hiện đầu tiên vào ngày <a rel="nofollow" href="https://lethiphuonglan.github.io/Bloom-flower">Bloom Flower</a>.</p>
]]></description>
										<content:encoded><![CDATA[<p>Bài viết <a rel="nofollow" href="https://lethiphuonglan.github.io/Bloom-flower/san-pham/gio-nan-tre/">Giỏ nan, tre</a> đã xuất hiện đầu tiên vào ngày <a rel="nofollow" href="https://lethiphuonglan.github.io/Bloom-flower">Bloom Flower</a>.</p>
]]></content:encoded>
					
					<wfw:commentRss>https://lethiphuonglan.github.io/Bloom-flower/san-pham/gio-nan-tre/feed/</wfw:commentRss>
			<slash:comments>0</slash:comments>
		
		
			</item>
		<item>
		<title>Hoa mix sẵn &#8211; decor phong cách Bắc Mĩ</title>
		<link>https://lethiphuonglan.github.io/Bloom-flower/san-pham/hoa-mix-san-decor-phong-cach-bac-mi/</link>
					<comments>https://lethiphuonglan.github.io/Bloom-flower/san-pham/hoa-mix-san-decor-phong-cach-bac-mi/#respond</comments>
		
		<dc:creator><![CDATA[lethiphuonglan]]></dc:creator>
		<pubDate>Wed, 07 Jul 2021 18:12:51 +0000</pubDate>
				<guid isPermaLink="false">https://lethiphuonglan.github.io/Bloom-flower/?post_type=product&#038;p=473</guid>

					<description><![CDATA[<ul>
<li>Sản phẩm như hình</li>
<li>Không bao gồm lọ đựng sản phẩm, vui lòng chọn thêm lọ tại danh mục phụ kiện</li>
</ul>
<p>Bài viết <a rel="nofollow" href="https://lethiphuonglan.github.io/Bloom-flower/san-pham/hoa-mix-san-decor-phong-cach-bac-mi/">Hoa mix sẵn &#8211; decor phong cách Bắc Mĩ</a> đã xuất hiện đầu tiên vào ngày <a rel="nofollow" href="https://lethiphuonglan.github.io/Bloom-flower">Bloom Flower</a>.</p>
]]></description>
										<content:encoded><![CDATA[<p>Bài viết <a rel="nofollow" href="https://lethiphuonglan.github.io/Bloom-flower/san-pham/hoa-mix-san-decor-phong-cach-bac-mi/">Hoa mix sẵn &#8211; decor phong cách Bắc Mĩ</a> đã xuất hiện đầu tiên vào ngày <a rel="nofollow" href="https://lethiphuonglan.github.io/Bloom-flower">Bloom Flower</a>.</p>
]]></content:encoded>
					
					<wfw:commentRss>https://lethiphuonglan.github.io/Bloom-flower/san-pham/hoa-mix-san-decor-phong-cach-bac-mi/feed/</wfw:commentRss>
			<slash:comments>0</slash:comments>
		
		
			</item>
		<item>
		<title>Hoa khô decor &#8211; bông gòn- thông</title>
		<link>https://lethiphuonglan.github.io/Bloom-flower/san-pham/hoa-kho-decor-bong-gon-thong/</link>
					<comments>https://lethiphuonglan.github.io/Bloom-flower/san-pham/hoa-kho-decor-bong-gon-thong/#respond</comments>
		
		<dc:creator><![CDATA[lethiphuonglan]]></dc:creator>
		<pubDate>Wed, 07 Jul 2021 18:09:49 +0000</pubDate>
				<guid isPermaLink="false">https://lethiphuonglan.github.io/Bloom-flower/?post_type=product&#038;p=472</guid>

					<description><![CDATA[<ul>
<li>Sản phẩm như hình</li>
<li>Không bao gồm lọ đựng sản phẩm, vui lòng chọn thêm lọ tại danh mục phụ kiện</li>
</ul>
<p>Bài viết <a rel="nofollow" href="https://lethiphuonglan.github.io/Bloom-flower/san-pham/hoa-kho-decor-bong-gon-thong/">Hoa khô decor &#8211; bông gòn- thông</a> đã xuất hiện đầu tiên vào ngày <a rel="nofollow" href="https://lethiphuonglan.github.io/Bloom-flower">Bloom Flower</a>.</p>
]]></description>
										<content:encoded><![CDATA[<p>Bài viết <a rel="nofollow" href="https://lethiphuonglan.github.io/Bloom-flower/san-pham/hoa-kho-decor-bong-gon-thong/">Hoa khô decor &#8211; bông gòn- thông</a> đã xuất hiện đầu tiên vào ngày <a rel="nofollow" href="https://lethiphuonglan.github.io/Bloom-flower">Bloom Flower</a>.</p>
]]></content:encoded>
					
					<wfw:commentRss>https://lethiphuonglan.github.io/Bloom-flower/san-pham/hoa-kho-decor-bong-gon-thong/feed/</wfw:commentRss>
			<slash:comments>0</slash:comments>
		
		
			</item>
		<item>
		<title>Hoa khô decor-đuôi thỏ- thông</title>
		<link>https://lethiphuonglan.github.io/Bloom-flower/san-pham/hoa-kho-decor-duoi-tho-thong/</link>
					<comments>https://lethiphuonglan.github.io/Bloom-flower/san-pham/hoa-kho-decor-duoi-tho-thong/#respond</comments>
		
		<dc:creator><![CDATA[lethiphuonglan]]></dc:creator>
		<pubDate>Wed, 07 Jul 2021 18:07:44 +0000</pubDate>
				<guid isPermaLink="false">https://lethiphuonglan.github.io/Bloom-flower/?post_type=product&#038;p=470</guid>

					<description><![CDATA[<ul>
<li>Sản phẩm như hình</li>
<li>Không bao gồm lọ đựng sản phẩm, vui lòng chọn thêm lọ tại danh mục phụ kiện</li>
</ul>
<p>Bài viết <a rel="nofollow" href="https://lethiphuonglan.github.io/Bloom-flower/san-pham/hoa-kho-decor-duoi-tho-thong/">Hoa khô decor-đuôi thỏ- thông</a> đã xuất hiện đầu tiên vào ngày <a rel="nofollow" href="https://lethiphuonglan.github.io/Bloom-flower">Bloom Flower</a>.</p>
]]></description>
										<content:encoded><![CDATA[<p>Bài viết <a rel="nofollow" href="https://lethiphuonglan.github.io/Bloom-flower/san-pham/hoa-kho-decor-duoi-tho-thong/">Hoa khô decor-đuôi thỏ- thông</a> đã xuất hiện đầu tiên vào ngày <a rel="nofollow" href="https://lethiphuonglan.github.io/Bloom-flower">Bloom Flower</a>.</p>
]]></content:encoded>
					
					<wfw:commentRss>https://lethiphuonglan.github.io/Bloom-flower/san-pham/hoa-kho-decor-duoi-tho-thong/feed/</wfw:commentRss>
			<slash:comments>0</slash:comments>
		
		
			</item>
		<item>
		<title>Hoa mix decor</title>
		<link>https://lethiphuonglan.github.io/Bloom-flower/san-pham/hoa-mix-decor/</link>
					<comments>https://lethiphuonglan.github.io/Bloom-flower/san-pham/hoa-mix-decor/#respond</comments>
		
		<dc:creator><![CDATA[lethiphuonglan]]></dc:creator>
		<pubDate>Wed, 07 Jul 2021 18:05:02 +0000</pubDate>
				<guid isPermaLink="false">https://lethiphuonglan.github.io/Bloom-flower/?post_type=product&#038;p=466</guid>

					<description><![CDATA[<ul>
<li>Sản phẩm như hình</li>
<li>Chưa bao gồm lọ họ, khách có thể chọn thêm lọ hoa tại danh mục phụ kiện/</li>
</ul>
<p>Bài viết <a rel="nofollow" href="https://lethiphuonglan.github.io/Bloom-flower/san-pham/hoa-mix-decor/">Hoa mix decor</a> đã xuất hiện đầu tiên vào ngày <a rel="nofollow" href="https://lethiphuonglan.github.io/Bloom-flower">Bloom Flower</a>.</p>
]]></description>
										<content:encoded><![CDATA[<p>Bài viết <a rel="nofollow" href="https://lethiphuonglan.github.io/Bloom-flower/san-pham/hoa-mix-decor/">Hoa mix decor</a> đã xuất hiện đầu tiên vào ngày <a rel="nofollow" href="https://lethiphuonglan.github.io/Bloom-flower">Bloom Flower</a>.</p>
]]></content:encoded>
					
					<wfw:commentRss>https://lethiphuonglan.github.io/Bloom-flower/san-pham/hoa-mix-decor/feed/</wfw:commentRss>
			<slash:comments>0</slash:comments>
		
		
			</item>
		<item>
		<title>Mẫu hoa decor &#8211; Cúc mix</title>
		<link>https://lethiphuonglan.github.io/Bloom-flower/san-pham/mau-hoa-decor-cuc-mix/</link>
					<comments>https://lethiphuonglan.github.io/Bloom-flower/san-pham/mau-hoa-decor-cuc-mix/#respond</comments>
		
		<dc:creator><![CDATA[lethiphuonglan]]></dc:creator>
		<pubDate>Wed, 07 Jul 2021 17:58:06 +0000</pubDate>
				<guid isPermaLink="false">https://lethiphuonglan.github.io/Bloom-flower/?post_type=product&#038;p=465</guid>

					<description><![CDATA[<ul>
<li>Sản phẩm như hình</li>
</ul>
<p>Bài viết <a rel="nofollow" href="https://lethiphuonglan.github.io/Bloom-flower/san-pham/mau-hoa-decor-cuc-mix/">Mẫu hoa decor &#8211; Cúc mix</a> đã xuất hiện đầu tiên vào ngày <a rel="nofollow" href="https://lethiphuonglan.github.io/Bloom-flower">Bloom Flower</a>.</p>
]]></description>
										<content:encoded><![CDATA[<p>Bài viết <a rel="nofollow" href="https://lethiphuonglan.github.io/Bloom-flower/san-pham/mau-hoa-decor-cuc-mix/">Mẫu hoa decor &#8211; Cúc mix</a> đã xuất hiện đầu tiên vào ngày <a rel="nofollow" href="https://lethiphuonglan.github.io/Bloom-flower">Bloom Flower</a>.</p>
]]></content:encoded>
					
					<wfw:commentRss>https://lethiphuonglan.github.io/Bloom-flower/san-pham/mau-hoa-decor-cuc-mix/feed/</wfw:commentRss>
			<slash:comments>0</slash:comments>
		
		
			</item>
		<item>
		<title>Giỏ hoa decor</title>
		<link>https://lethiphuonglan.github.io/Bloom-flower/san-pham/gio-hoa-decor/</link>
					<comments>https://lethiphuonglan.github.io/Bloom-flower/san-pham/gio-hoa-decor/#respond</comments>
		
		<dc:creator><![CDATA[lethiphuonglan]]></dc:creator>
		<pubDate>Wed, 07 Jul 2021 17:55:20 +0000</pubDate>
				<guid isPermaLink="false">https://lethiphuonglan.github.io/Bloom-flower/?post_type=product&#038;p=458</guid>

					<description><![CDATA[<ul>
<li>Sản phẩm như hình</li>
<li>Có bao gồm giỏ hoa</li>
</ul>
<p>Bài viết <a rel="nofollow" href="https://lethiphuonglan.github.io/Bloom-flower/san-pham/gio-hoa-decor/">Giỏ hoa decor</a> đã xuất hiện đầu tiên vào ngày <a rel="nofollow" href="https://lethiphuonglan.github.io/Bloom-flower">Bloom Flower</a>.</p>
]]></description>
										<content:encoded><![CDATA[<p>Bài viết <a rel="nofollow" href="https://lethiphuonglan.github.io/Bloom-flower/san-pham/gio-hoa-decor/">Giỏ hoa decor</a> đã xuất hiện đầu tiên vào ngày <a rel="nofollow" href="https://lethiphuonglan.github.io/Bloom-flower">Bloom Flower</a>.</p>
]]></content:encoded>
					
					<wfw:commentRss>https://lethiphuonglan.github.io/Bloom-flower/san-pham/gio-hoa-decor/feed/</wfw:commentRss>
			<slash:comments>0</slash:comments>
		
		
			</item>
		<item>
		<title>Lọ hoa cô gái &#8211; Mẫu mới</title>
		<link>https://lethiphuonglan.github.io/Bloom-flower/san-pham/lo-hoa-co-gai-mau-moi/</link>
					<comments>https://lethiphuonglan.github.io/Bloom-flower/san-pham/lo-hoa-co-gai-mau-moi/#respond</comments>
		
		<dc:creator><![CDATA[lethiphuonglan]]></dc:creator>
		<pubDate>Wed, 07 Jul 2021 14:58:31 +0000</pubDate>
				<guid isPermaLink="false">https://lethiphuonglan.github.io/Bloom-flower/?post_type=product&#038;p=445</guid>

					<description><![CDATA[<ul>
<li>Sản phẩm làm từ gốm, sứ cao cấp</li>
<li>Sản phẩm như hình.</li>
</ul>
<p>Bài viết <a rel="nofollow" href="https://lethiphuonglan.github.io/Bloom-flower/san-pham/lo-hoa-co-gai-mau-moi/">Lọ hoa cô gái &#8211; Mẫu mới</a> đã xuất hiện đầu tiên vào ngày <a rel="nofollow" href="https://lethiphuonglan.github.io/Bloom-flower">Bloom Flower</a>.</p>
]]></description>
										<content:encoded><![CDATA[<p>Bài viết <a rel="nofollow" href="https://lethiphuonglan.github.io/Bloom-flower/san-pham/lo-hoa-co-gai-mau-moi/">Lọ hoa cô gái &#8211; Mẫu mới</a> đã xuất hiện đầu tiên vào ngày <a rel="nofollow" href="https://lethiphuonglan.github.io/Bloom-flower">Bloom Flower</a>.</p>
]]></content:encoded>
					
					<wfw:commentRss>https://lethiphuonglan.github.io/Bloom-flower/san-pham/lo-hoa-co-gai-mau-moi/feed/</wfw:commentRss>
			<slash:comments>0</slash:comments>
		
		
			</item>
	</channel>
</rss>
