<?xml version="1.0" encoding="UTF-8"?><rss version="2.0"
	xmlns:content="http://purl.org/rss/1.0/modules/content/"
	xmlns:wfw="http://wellformedweb.org/CommentAPI/"
	xmlns:dc="http://purl.org/dc/elements/1.1/"
	xmlns:atom="http://www.w3.org/2005/Atom"
	xmlns:sy="http://purl.org/rss/1.0/modules/syndication/"
	xmlns:slash="http://purl.org/rss/1.0/modules/slash/"
	>

<channel>
	<title>hoa nút áo &#8211; Bloom Flower</title>
	<atom:link href="http://localhost/myproject/wordpress/tu-khoa-san-pham/hoa-nut-ao/feed/" rel="self" type="application/rss+xml" />
	<link>https://lethiphuonglan.github.io/Bloom-flower</link>
	<description>Let flowers speak for you!</description>
	<lastBuildDate>Tue, 06 Jul 2021 19:22:56 +0000</lastBuildDate>
	<language>vi</language>
	<sy:updatePeriod>
	hourly	</sy:updatePeriod>
	<sy:updateFrequency>
	1	</sy:updateFrequency>
	<generator>https://wordpress.org/?v=5.7.2</generator>

<image>
	<url>https://lethiphuonglan.github.io/Bloom-flower/wp-content/uploads/2021/07/cropped-c1ccc56ac57d55e50ef33edf2eae586e-1-32x32.jpeg</url>
	<title>hoa nút áo &#8211; Bloom Flower</title>
	<link>https://lethiphuonglan.github.io/Bloom-flower</link>
	<width>32</width>
	<height>32</height>
</image> 
	<item>
		<title>Hoa khô Craspedia Billy decor phong cách Bắc Âu</title>
		<link>https://lethiphuonglan.github.io/Bloom-flower/san-pham/hoa-kho-craspedia-billy-decor-phong-cach-bac-au/</link>
					<comments>https://lethiphuonglan.github.io/Bloom-flower/san-pham/hoa-kho-craspedia-billy-decor-phong-cach-bac-au/#respond</comments>
		
		<dc:creator><![CDATA[lethiphuonglan]]></dc:creator>
		<pubDate>Tue, 06 Jul 2021 17:59:03 +0000</pubDate>
				<guid isPermaLink="false">https://lethiphuonglan.github.io/Bloom-flower/?post_type=product&#038;p=194</guid>

					<description><![CDATA[Tên gọi khác: Hoa Cúc Vàng Nút Áo Sấy Khô]]></description>
										<content:encoded><![CDATA[<p>Hoa Cúc Vàng Nút Áo Sấy Khô<br />
Nút áo là tên gọi thân thương của loài hoa Craspedia, thuộc họ Cúc. Hoa nút áo được biết đến lần đầu tiên từ thế kỷ 17 và từ đó, nó luôn khiến con người mê mẩn bởi vẻ đẹp mộc mạc, mảnh mai nhưng không hề thua kém bất kỳ loài hoa nào về độ kiêu sa.</p>
<p>Từng có một thời gian, hoa nút áo &#8220;thống trị&#8221; hầu hết mọi gia đình ở các nước châu Âu. Nhà nào cũng cắm một lọ hoa nút áo để trang trí ở các phòng.</p>
<p>*LƯU Ý KHI SỬ DỤNG<br />
+ Cành dài trên 40cm nên cắm bình cao ( bằng 1 nửa chiều dài của hoa ) hoặc làm điểm nhấn cho hoa phụ.<br />
+Bảo quản : chưng hoa nơi khô ráo , thoáng mát , thi thoảng khênh ra phơi nắng nha. Đặc biệt tránh những khu vực ẩm thấp, hoặc tưới hoa @@<br />
+ Nâng niu từng cọng hoa nha!</p>
<p>***LƯU Ý DÀNH RIÊNG CHO KHÁCH HÀNG QUAY LẠI MUA HÀNG<br />
&#8211; Đối với khách hàng đã mua bên mình và đánh giá 5 sao cho sản phẩm, khi mua lại sẽ được khuyến mại 10% áp dụng trực tiếp trên định lượng hoa trên đơn hàng mới nha!!!<br />
&#8211; Với khách hàng nhận sảm phẩm lỗi vui lòng inbox hoặc gọi điện trực tiếp để được hỗ trợ thủ tục trả hàng/hoàn tiền chứ đùng vội đánh giá 1 sao, tội nghiệp shop :&lt; . Trước khi gửi hàng Dix cũng đã cố gắng chọn lựa và gửi những sản phẩm tốt nhất có thể.</p>
]]></content:encoded>
					
					<wfw:commentRss>https://lethiphuonglan.github.io/Bloom-flower/san-pham/hoa-kho-craspedia-billy-decor-phong-cach-bac-au/feed/</wfw:commentRss>
			<slash:comments>0</slash:comments>
		
		
			</item>
	</channel>
</rss>
