<?xml version="1.0" encoding="UTF-8"?><rss version="2.0"
	xmlns:content="http://purl.org/rss/1.0/modules/content/"
	xmlns:wfw="http://wellformedweb.org/CommentAPI/"
	xmlns:dc="http://purl.org/dc/elements/1.1/"
	xmlns:atom="http://www.w3.org/2005/Atom"
	xmlns:sy="http://purl.org/rss/1.0/modules/syndication/"
	xmlns:slash="http://purl.org/rss/1.0/modules/slash/"
	>

<channel>
	<title>lá táo &#8211; Bloom Flower</title>
	<atom:link href="http://localhost/myproject/wordpress/tu-khoa-san-pham/la-tao/feed/" rel="self" type="application/rss+xml" />
	<link>https://lethiphuonglan.github.io/Bloom-flower</link>
	<description>Let flowers speak for you!</description>
	<lastBuildDate>Tue, 06 Jul 2021 18:34:32 +0000</lastBuildDate>
	<language>vi</language>
	<sy:updatePeriod>
	hourly	</sy:updatePeriod>
	<sy:updateFrequency>
	1	</sy:updateFrequency>
	<generator>https://wordpress.org/?v=5.7.2</generator>

<image>
	<url>https://lethiphuonglan.github.io/Bloom-flower/wp-content/uploads/2021/07/cropped-c1ccc56ac57d55e50ef33edf2eae586e-1-32x32.jpeg</url>
	<title>lá táo &#8211; Bloom Flower</title>
	<link>https://lethiphuonglan.github.io/Bloom-flower</link>
	<width>32</width>
	<height>32</height>
</image> 
	<item>
		<title>Bó 5 cành🌿khuynh diệp khô🌿bạch đàn sấy🌿Eucalyptus🌿Lá bạc🌿Lá táo🌿Sliver dollar trang trí decor phong cách Bắc Âu</title>
		<link>https://lethiphuonglan.github.io/Bloom-flower/san-pham/bo-5-canh%f0%9f%8c%bfkhuynh-diep-kho%f0%9f%8c%bfbach-dan-say%f0%9f%8c%bfeucalyptus%f0%9f%8c%bfla-bac%f0%9f%8c%bfla-tao%f0%9f%8c%bfsliver-dollar-trang-tri-decor-phong-cach-bac-au/</link>
					<comments>https://lethiphuonglan.github.io/Bloom-flower/san-pham/bo-5-canh%f0%9f%8c%bfkhuynh-diep-kho%f0%9f%8c%bfbach-dan-say%f0%9f%8c%bfeucalyptus%f0%9f%8c%bfla-bac%f0%9f%8c%bfla-tao%f0%9f%8c%bfsliver-dollar-trang-tri-decor-phong-cach-bac-au/#respond</comments>
		
		<dc:creator><![CDATA[lethiphuonglan]]></dc:creator>
		<pubDate>Tue, 06 Jul 2021 18:33:37 +0000</pubDate>
				<guid isPermaLink="false">https://lethiphuonglan.github.io/Bloom-flower/?post_type=product&#038;p=235</guid>

					<description><![CDATA[<ul>
<li>Bó 5 cành lá khuynh diệp (cành ngẫu nhiên có độ dài khoảng 40cm đến 50cm).</li>
<li>Màu sắc hình ảnh có thể đậm hoặc nhạt hơn màu thực tế do chế độ hiển thị trên mỗi thiết bị khác nhau.</li>
</ul>
<p>Bài viết <a rel="nofollow" href="https://lethiphuonglan.github.io/Bloom-flower/san-pham/bo-5-canh%f0%9f%8c%bfkhuynh-diep-kho%f0%9f%8c%bfbach-dan-say%f0%9f%8c%bfeucalyptus%f0%9f%8c%bfla-bac%f0%9f%8c%bfla-tao%f0%9f%8c%bfsliver-dollar-trang-tri-decor-phong-cach-bac-au/">Bó 5 cành🌿khuynh diệp khô🌿bạch đàn sấy🌿Eucalyptus🌿Lá bạc🌿Lá táo🌿Sliver dollar trang trí decor phong cách Bắc Âu</a> đã xuất hiện đầu tiên vào ngày <a rel="nofollow" href="https://lethiphuonglan.github.io/Bloom-flower">Bloom Flower</a>.</p>
]]></description>
										<content:encoded><![CDATA[<p>Cành lá khuynh diệp khô<img src="https://s.w.org/images/core/emoji/13.0.1/72x72/1f33f.png" alt="🌿" class="wp-smiley" style="height: 1em; max-height: 1em;" />Eucalyptus<img src="https://s.w.org/images/core/emoji/13.0.1/72x72/1f33f.png" alt="🌿" class="wp-smiley" style="height: 1em; max-height: 1em;" />Lá bạc<img src="https://s.w.org/images/core/emoji/13.0.1/72x72/1f33f.png" alt="🌿" class="wp-smiley" style="height: 1em; max-height: 1em;" />Lá táo trang trí decor phong cách Bắc Âu</p>
<p><img src="https://s.w.org/images/core/emoji/13.0.1/72x72/1f33f.png" alt="🌿" class="wp-smiley" style="height: 1em; max-height: 1em;" /> Cành khuynh diệp màu xanh tự nhiên, có mùi thơm nhẹ, được sấy khô theo công nghệ Bắc Âu.</p>
<p><img src="https://s.w.org/images/core/emoji/13.0.1/72x72/1f33f.png" alt="🌿" class="wp-smiley" style="height: 1em; max-height: 1em;" /> Kích thước đa dạng phù hợp trang trí decor nhà cửa, phòng khách, phòng ngủ&#8230; làm đạo cụ chụp ảnh</p>
<p><img src="https://s.w.org/images/core/emoji/13.0.1/72x72/1f33f.png" alt="🌿" class="wp-smiley" style="height: 1em; max-height: 1em;" /> Mầu lá tự nhiên &#8211; thơm nhẹ &#8211; lá còn phấn sẽ có mầu hơi bạc</p>
<p><img src="https://s.w.org/images/core/emoji/13.0.1/72x72/1f33f.png" alt="🌿" class="wp-smiley" style="height: 1em; max-height: 1em;" /> Sản phẩm cành lá khuynh diệp khô nên mầu sẽ thường phai bớt lá không còn dầy sẽ mỏng hơn, lá có thể mất độ xoè mà cụp xuống.<br />
Khách hàng lưu ý trước khi mua ạ.</p>
<p><img src="https://s.w.org/images/core/emoji/13.0.1/72x72/1f33f.png" alt="🌿" class="wp-smiley" style="height: 1em; max-height: 1em;" /> Bảo quản: Để nơi khô ráo, không tưới nước, không sử dụng nước cho hoa khô, tránh ánh nắng trực tiếp, hạn chế chạm vào hoa.</p>
<p><img src="https://s.w.org/images/core/emoji/13.0.1/72x72/1f33f.png" alt="🌿" class="wp-smiley" style="height: 1em; max-height: 1em;" /> Hạn sử dụng: Từ 2 đến 3 năm (tuỳ vào mục đích sử dụng)</p>
<p><img src="https://s.w.org/images/core/emoji/13.0.1/72x72/1f33f.png" alt="🌿" class="wp-smiley" style="height: 1em; max-height: 1em;" /> Định lượng sản phẩm bán: Bó 5 cành lá khuynh diệp (cành ngẫu nhiên có độ dài khoảng 40cm đến 50cm).</p>
<p>✪ Màu sắc hình ảnh có thể đậm hoặc nhạt hơn màu thực tế do chế độ hiển thị trên mỗi thiết bị khác nhau.</p>
<p>Bài viết <a rel="nofollow" href="https://lethiphuonglan.github.io/Bloom-flower/san-pham/bo-5-canh%f0%9f%8c%bfkhuynh-diep-kho%f0%9f%8c%bfbach-dan-say%f0%9f%8c%bfeucalyptus%f0%9f%8c%bfla-bac%f0%9f%8c%bfla-tao%f0%9f%8c%bfsliver-dollar-trang-tri-decor-phong-cach-bac-au/">Bó 5 cành🌿khuynh diệp khô🌿bạch đàn sấy🌿Eucalyptus🌿Lá bạc🌿Lá táo🌿Sliver dollar trang trí decor phong cách Bắc Âu</a> đã xuất hiện đầu tiên vào ngày <a rel="nofollow" href="https://lethiphuonglan.github.io/Bloom-flower">Bloom Flower</a>.</p>
]]></content:encoded>
					
					<wfw:commentRss>https://lethiphuonglan.github.io/Bloom-flower/san-pham/bo-5-canh%f0%9f%8c%bfkhuynh-diep-kho%f0%9f%8c%bfbach-dan-say%f0%9f%8c%bfeucalyptus%f0%9f%8c%bfla-bac%f0%9f%8c%bfla-tao%f0%9f%8c%bfsliver-dollar-trang-tri-decor-phong-cach-bac-au/feed/</wfw:commentRss>
			<slash:comments>0</slash:comments>
		
		
			</item>
	</channel>
</rss>
