<?xml version="1.0" encoding="UTF-8"?><rss version="2.0"
	xmlns:content="http://purl.org/rss/1.0/modules/content/"
	xmlns:wfw="http://wellformedweb.org/CommentAPI/"
	xmlns:dc="http://purl.org/dc/elements/1.1/"
	xmlns:atom="http://www.w3.org/2005/Atom"
	xmlns:sy="http://purl.org/rss/1.0/modules/syndication/"
	xmlns:slash="http://purl.org/rss/1.0/modules/slash/"
	>

<channel>
	<title>chất liệu thuỷ tinh &#8211; Bloom Flower</title>
	<atom:link href="http://localhost/myproject/wordpress/danh-muc-san-pham/phu-kien/chat-lieu-thuy-tinh/feed/" rel="self" type="application/rss+xml" />
	<link>https://lethiphuonglan.github.io/Bloom-flower</link>
	<description>Let flowers speak for you!</description>
	<lastBuildDate>Wed, 07 Jul 2021 14:35:32 +0000</lastBuildDate>
	<language>vi</language>
	<sy:updatePeriod>
	hourly	</sy:updatePeriod>
	<sy:updateFrequency>
	1	</sy:updateFrequency>
	<generator>https://wordpress.org/?v=5.7.2</generator>

<image>
	<url>https://lethiphuonglan.github.io/Bloom-flower/wp-content/uploads/2021/07/cropped-c1ccc56ac57d55e50ef33edf2eae586e-1-32x32.jpeg</url>
	<title>chất liệu thuỷ tinh &#8211; Bloom Flower</title>
	<link>https://lethiphuonglan.github.io/Bloom-flower</link>
	<width>32</width>
	<height>32</height>
</image> 
	<item>
		<title>giỏ hoa thuỷ tinh</title>
		<link>https://lethiphuonglan.github.io/Bloom-flower/san-pham/gio-hoa-thuy-tinh/</link>
					<comments>https://lethiphuonglan.github.io/Bloom-flower/san-pham/gio-hoa-thuy-tinh/#respond</comments>
		
		<dc:creator><![CDATA[lethiphuonglan]]></dc:creator>
		<pubDate>Wed, 07 Jul 2021 14:35:31 +0000</pubDate>
				<guid isPermaLink="false">https://lethiphuonglan.github.io/Bloom-flower/?post_type=product&#038;p=413</guid>

					<description><![CDATA[<ul>
 	<li>Chất liệu: thuỷ tinh cao cấp</li>
 	<li>Sản phẩm như hình</li>
</ul>]]></description>
										<content:encoded><![CDATA[<ul>
 	<li>Chất liệu: thuỷ tinh cao cấp</li>
 	<li>Sản phẩm như hình</li>
</ul>]]></content:encoded>
					
					<wfw:commentRss>https://lethiphuonglan.github.io/Bloom-flower/san-pham/gio-hoa-thuy-tinh/feed/</wfw:commentRss>
			<slash:comments>0</slash:comments>
		
		
			</item>
		<item>
		<title>Mẫu cơ bản</title>
		<link>https://lethiphuonglan.github.io/Bloom-flower/san-pham/mau-co-ban/</link>
					<comments>https://lethiphuonglan.github.io/Bloom-flower/san-pham/mau-co-ban/#respond</comments>
		
		<dc:creator><![CDATA[lethiphuonglan]]></dc:creator>
		<pubDate>Wed, 07 Jul 2021 14:30:58 +0000</pubDate>
				<guid isPermaLink="false">https://lethiphuonglan.github.io/Bloom-flower/?post_type=product&#038;p=398</guid>

					<description><![CDATA[<ul>
 	<li>Chất liệu: thuỷ tinh cao cấp</li>
 	<li>Sản phẩm như hình</li>
</ul>]]></description>
										<content:encoded><![CDATA[<ul>
 	<li>Chất liệu: thuỷ tinh cao cấp</li>
 	<li>Sản phẩm như hình</li>
</ul>]]></content:encoded>
					
					<wfw:commentRss>https://lethiphuonglan.github.io/Bloom-flower/san-pham/mau-co-ban/feed/</wfw:commentRss>
			<slash:comments>0</slash:comments>
		
		
			</item>
	</channel>
</rss>
