<?xml version="1.0" encoding="UTF-8"?><rss version="2.0"
	xmlns:content="http://purl.org/rss/1.0/modules/content/"
	xmlns:wfw="http://wellformedweb.org/CommentAPI/"
	xmlns:dc="http://purl.org/dc/elements/1.1/"
	xmlns:atom="http://www.w3.org/2005/Atom"
	xmlns:sy="http://purl.org/rss/1.0/modules/syndication/"
	xmlns:slash="http://purl.org/rss/1.0/modules/slash/"
	>

<channel>
	<title>Màu nâu &#8211; Bloom Flower</title>
	<atom:link href="http://localhost/myproject/wordpress/thuoc-tinh/mausac/mau-nau/feed/" rel="self" type="application/rss+xml" />
	<link>https://lethiphuonglan.github.io/Bloom-flower</link>
	<description>Let flowers speak for you!</description>
	<lastBuildDate>Thu, 15 Jul 2021 16:21:37 +0000</lastBuildDate>
	<language>vi</language>
	<sy:updatePeriod>
	hourly	</sy:updatePeriod>
	<sy:updateFrequency>
	1	</sy:updateFrequency>
	<generator>https://wordpress.org/?v=5.7.2</generator>

<image>
	<url>https://lethiphuonglan.github.io/Bloom-flower/wp-content/uploads/2021/07/cropped-c1ccc56ac57d55e50ef33edf2eae586e-1-32x32.jpeg</url>
	<title>Màu nâu &#8211; Bloom Flower</title>
	<link>https://lethiphuonglan.github.io/Bloom-flower</link>
	<width>32</width>
	<height>32</height>
</image> 
	<item>
		<title>Phụ kiện gói hoa, decor hoa &#8211; Dây cói</title>
		<link>https://lethiphuonglan.github.io/Bloom-flower/san-pham/phu-kien-goi-hoa-decor-hoa-day-coi/</link>
					<comments>https://lethiphuonglan.github.io/Bloom-flower/san-pham/phu-kien-goi-hoa-decor-hoa-day-coi/#respond</comments>
		
		<dc:creator><![CDATA[lethiphuonglan]]></dc:creator>
		<pubDate>Wed, 07 Jul 2021 14:48:44 +0000</pubDate>
				<guid isPermaLink="false">https://lethiphuonglan.github.io/Bloom-flower/?post_type=product&#038;p=424</guid>

					<description><![CDATA[<ul>
<li>Các sản phẩm Bloom lựa chọn đều là sản phẩm chất lượng tốt nhất trên thị trường.</li>
</ul>
<p>Bài viết <a rel="nofollow" href="https://lethiphuonglan.github.io/Bloom-flower/san-pham/phu-kien-goi-hoa-decor-hoa-day-coi/">Phụ kiện gói hoa, decor hoa &#8211; Dây cói</a> đã xuất hiện đầu tiên vào ngày <a rel="nofollow" href="https://lethiphuonglan.github.io/Bloom-flower">Bloom Flower</a>.</p>
]]></description>
										<content:encoded><![CDATA[<p>Bài viết <a rel="nofollow" href="https://lethiphuonglan.github.io/Bloom-flower/san-pham/phu-kien-goi-hoa-decor-hoa-day-coi/">Phụ kiện gói hoa, decor hoa &#8211; Dây cói</a> đã xuất hiện đầu tiên vào ngày <a rel="nofollow" href="https://lethiphuonglan.github.io/Bloom-flower">Bloom Flower</a>.</p>
]]></content:encoded>
					
					<wfw:commentRss>https://lethiphuonglan.github.io/Bloom-flower/san-pham/phu-kien-goi-hoa-decor-hoa-day-coi/feed/</wfw:commentRss>
			<slash:comments>0</slash:comments>
		
		
			</item>
		<item>
		<title>Bó 5 cành hoa Brazil hoa hạnh phúc hoa khô đạo cụ chụp decor trang trí màu tự nhiên</title>
		<link>https://lethiphuonglan.github.io/Bloom-flower/san-pham/bo-5-canh-hoa-brazil-hoa-hanh-phuc-hoa-kho-dao-cu-chup-decor-trang-tri-mau-tu-nhien/</link>
					<comments>https://lethiphuonglan.github.io/Bloom-flower/san-pham/bo-5-canh-hoa-brazil-hoa-hanh-phuc-hoa-kho-dao-cu-chup-decor-trang-tri-mau-tu-nhien/#respond</comments>
		
		<dc:creator><![CDATA[lethiphuonglan]]></dc:creator>
		<pubDate>Tue, 06 Jul 2021 18:46:58 +0000</pubDate>
				<guid isPermaLink="false">https://lethiphuonglan.github.io/Bloom-flower/?post_type=product&#038;p=253</guid>

					<description><![CDATA[<p>Hoa có chiều dài từ 30-50cm.<br />
Kích thước đầu hoa từ 0,5 - 0,8 cm</p>
<p>Bài viết <a rel="nofollow" href="https://lethiphuonglan.github.io/Bloom-flower/san-pham/bo-5-canh-hoa-brazil-hoa-hanh-phuc-hoa-kho-dao-cu-chup-decor-trang-tri-mau-tu-nhien/">Bó 5 cành hoa Brazil hoa hạnh phúc hoa khô đạo cụ chụp decor trang trí màu tự nhiên</a> đã xuất hiện đầu tiên vào ngày <a rel="nofollow" href="https://lethiphuonglan.github.io/Bloom-flower">Bloom Flower</a>.</p>
]]></description>
										<content:encoded><![CDATA[<p>Bó 5 cành hoa khô Brazil, hoa hạnh phúc<br />
Hoa có xuất xứ Brazil,, đầu bông bằng đầu đũa, thân mỏng như que tăm.<br />
Hoa có chiều dài từ 30-50cm.<br />
Kích thước đầu hoa từ 0,5 &#8211; 0,8 cm<br />
Bạn hãy cân nhắc trước khi đặt hàng nhé, vì hoa có thể sẽ nhỏ hơn so với bạn tưởng tượng, nó chừng bằng đầu ngón tay út của bạn.<br />
Hoa có tuổi thọ lên đến 10 năm KHÔNG TÀN.</p>
<p>Bài viết <a rel="nofollow" href="https://lethiphuonglan.github.io/Bloom-flower/san-pham/bo-5-canh-hoa-brazil-hoa-hanh-phuc-hoa-kho-dao-cu-chup-decor-trang-tri-mau-tu-nhien/">Bó 5 cành hoa Brazil hoa hạnh phúc hoa khô đạo cụ chụp decor trang trí màu tự nhiên</a> đã xuất hiện đầu tiên vào ngày <a rel="nofollow" href="https://lethiphuonglan.github.io/Bloom-flower">Bloom Flower</a>.</p>
]]></content:encoded>
					
					<wfw:commentRss>https://lethiphuonglan.github.io/Bloom-flower/san-pham/bo-5-canh-hoa-brazil-hoa-hanh-phuc-hoa-kho-dao-cu-chup-decor-trang-tri-mau-tu-nhien/feed/</wfw:commentRss>
			<slash:comments>0</slash:comments>
		
		
			</item>
	</channel>
</rss>
