<?xml version="1.0" encoding="UTF-8"?><rss version="2.0"
	xmlns:content="http://purl.org/rss/1.0/modules/content/"
	xmlns:wfw="http://wellformedweb.org/CommentAPI/"
	xmlns:dc="http://purl.org/dc/elements/1.1/"
	xmlns:atom="http://www.w3.org/2005/Atom"
	xmlns:sy="http://purl.org/rss/1.0/modules/syndication/"
	xmlns:slash="http://purl.org/rss/1.0/modules/slash/"
	>

<channel>
	<title>hoa khô &#8211; Bloom Flower</title>
	<atom:link href="http://localhost/myproject/wordpress/tu-khoa-san-pham/hoa-kho/feed/" rel="self" type="application/rss+xml" />
	<link>https://lethiphuonglan.github.io/Bloom-flower</link>
	<description>Let flowers speak for you!</description>
	<lastBuildDate>Wed, 07 Jul 2021 18:09:50 +0000</lastBuildDate>
	<language>vi</language>
	<sy:updatePeriod>
	hourly	</sy:updatePeriod>
	<sy:updateFrequency>
	1	</sy:updateFrequency>
	<generator>https://wordpress.org/?v=5.7.2</generator>

<image>
	<url>https://lethiphuonglan.github.io/Bloom-flower/wp-content/uploads/2021/07/cropped-c1ccc56ac57d55e50ef33edf2eae586e-1-32x32.jpeg</url>
	<title>hoa khô &#8211; Bloom Flower</title>
	<link>https://lethiphuonglan.github.io/Bloom-flower</link>
	<width>32</width>
	<height>32</height>
</image> 
	<item>
		<title>Hoa khô decor &#8211; bông gòn- thông</title>
		<link>https://lethiphuonglan.github.io/Bloom-flower/san-pham/hoa-kho-decor-bong-gon-thong/</link>
					<comments>https://lethiphuonglan.github.io/Bloom-flower/san-pham/hoa-kho-decor-bong-gon-thong/#respond</comments>
		
		<dc:creator><![CDATA[lethiphuonglan]]></dc:creator>
		<pubDate>Wed, 07 Jul 2021 18:09:49 +0000</pubDate>
				<guid isPermaLink="false">https://lethiphuonglan.github.io/Bloom-flower/?post_type=product&#038;p=472</guid>

					<description><![CDATA[<ul>
<li>Sản phẩm như hình</li>
<li>Không bao gồm lọ đựng sản phẩm, vui lòng chọn thêm lọ tại danh mục phụ kiện</li>
</ul>
<p>Bài viết <a rel="nofollow" href="https://lethiphuonglan.github.io/Bloom-flower/san-pham/hoa-kho-decor-bong-gon-thong/">Hoa khô decor &#8211; bông gòn- thông</a> đã xuất hiện đầu tiên vào ngày <a rel="nofollow" href="https://lethiphuonglan.github.io/Bloom-flower">Bloom Flower</a>.</p>
]]></description>
										<content:encoded><![CDATA[<p>Bài viết <a rel="nofollow" href="https://lethiphuonglan.github.io/Bloom-flower/san-pham/hoa-kho-decor-bong-gon-thong/">Hoa khô decor &#8211; bông gòn- thông</a> đã xuất hiện đầu tiên vào ngày <a rel="nofollow" href="https://lethiphuonglan.github.io/Bloom-flower">Bloom Flower</a>.</p>
]]></content:encoded>
					
					<wfw:commentRss>https://lethiphuonglan.github.io/Bloom-flower/san-pham/hoa-kho-decor-bong-gon-thong/feed/</wfw:commentRss>
			<slash:comments>0</slash:comments>
		
		
			</item>
		<item>
		<title>Mẫu hoa decor &#8211; Cúc mix</title>
		<link>https://lethiphuonglan.github.io/Bloom-flower/san-pham/mau-hoa-decor-cuc-mix/</link>
					<comments>https://lethiphuonglan.github.io/Bloom-flower/san-pham/mau-hoa-decor-cuc-mix/#respond</comments>
		
		<dc:creator><![CDATA[lethiphuonglan]]></dc:creator>
		<pubDate>Wed, 07 Jul 2021 17:58:06 +0000</pubDate>
				<guid isPermaLink="false">https://lethiphuonglan.github.io/Bloom-flower/?post_type=product&#038;p=465</guid>

					<description><![CDATA[<ul>
<li>Sản phẩm như hình</li>
</ul>
<p>Bài viết <a rel="nofollow" href="https://lethiphuonglan.github.io/Bloom-flower/san-pham/mau-hoa-decor-cuc-mix/">Mẫu hoa decor &#8211; Cúc mix</a> đã xuất hiện đầu tiên vào ngày <a rel="nofollow" href="https://lethiphuonglan.github.io/Bloom-flower">Bloom Flower</a>.</p>
]]></description>
										<content:encoded><![CDATA[<p>Bài viết <a rel="nofollow" href="https://lethiphuonglan.github.io/Bloom-flower/san-pham/mau-hoa-decor-cuc-mix/">Mẫu hoa decor &#8211; Cúc mix</a> đã xuất hiện đầu tiên vào ngày <a rel="nofollow" href="https://lethiphuonglan.github.io/Bloom-flower">Bloom Flower</a>.</p>
]]></content:encoded>
					
					<wfw:commentRss>https://lethiphuonglan.github.io/Bloom-flower/san-pham/mau-hoa-decor-cuc-mix/feed/</wfw:commentRss>
			<slash:comments>0</slash:comments>
		
		
			</item>
		<item>
		<title>Giỏ hoa decor</title>
		<link>https://lethiphuonglan.github.io/Bloom-flower/san-pham/gio-hoa-decor/</link>
					<comments>https://lethiphuonglan.github.io/Bloom-flower/san-pham/gio-hoa-decor/#respond</comments>
		
		<dc:creator><![CDATA[lethiphuonglan]]></dc:creator>
		<pubDate>Wed, 07 Jul 2021 17:55:20 +0000</pubDate>
				<guid isPermaLink="false">https://lethiphuonglan.github.io/Bloom-flower/?post_type=product&#038;p=458</guid>

					<description><![CDATA[<ul>
<li>Sản phẩm như hình</li>
<li>Có bao gồm giỏ hoa</li>
</ul>
<p>Bài viết <a rel="nofollow" href="https://lethiphuonglan.github.io/Bloom-flower/san-pham/gio-hoa-decor/">Giỏ hoa decor</a> đã xuất hiện đầu tiên vào ngày <a rel="nofollow" href="https://lethiphuonglan.github.io/Bloom-flower">Bloom Flower</a>.</p>
]]></description>
										<content:encoded><![CDATA[<p>Bài viết <a rel="nofollow" href="https://lethiphuonglan.github.io/Bloom-flower/san-pham/gio-hoa-decor/">Giỏ hoa decor</a> đã xuất hiện đầu tiên vào ngày <a rel="nofollow" href="https://lethiphuonglan.github.io/Bloom-flower">Bloom Flower</a>.</p>
]]></content:encoded>
					
					<wfw:commentRss>https://lethiphuonglan.github.io/Bloom-flower/san-pham/gio-hoa-decor/feed/</wfw:commentRss>
			<slash:comments>0</slash:comments>
		
		
			</item>
		<item>
		<title>Lọ hoa cô gái &#8211; Mẫu mới</title>
		<link>https://lethiphuonglan.github.io/Bloom-flower/san-pham/lo-hoa-co-gai-mau-moi/</link>
					<comments>https://lethiphuonglan.github.io/Bloom-flower/san-pham/lo-hoa-co-gai-mau-moi/#respond</comments>
		
		<dc:creator><![CDATA[lethiphuonglan]]></dc:creator>
		<pubDate>Wed, 07 Jul 2021 14:58:31 +0000</pubDate>
				<guid isPermaLink="false">https://lethiphuonglan.github.io/Bloom-flower/?post_type=product&#038;p=445</guid>

					<description><![CDATA[<ul>
<li>Sản phẩm làm từ gốm, sứ cao cấp</li>
<li>Sản phẩm như hình.</li>
</ul>
<p>Bài viết <a rel="nofollow" href="https://lethiphuonglan.github.io/Bloom-flower/san-pham/lo-hoa-co-gai-mau-moi/">Lọ hoa cô gái &#8211; Mẫu mới</a> đã xuất hiện đầu tiên vào ngày <a rel="nofollow" href="https://lethiphuonglan.github.io/Bloom-flower">Bloom Flower</a>.</p>
]]></description>
										<content:encoded><![CDATA[<p>Bài viết <a rel="nofollow" href="https://lethiphuonglan.github.io/Bloom-flower/san-pham/lo-hoa-co-gai-mau-moi/">Lọ hoa cô gái &#8211; Mẫu mới</a> đã xuất hiện đầu tiên vào ngày <a rel="nofollow" href="https://lethiphuonglan.github.io/Bloom-flower">Bloom Flower</a>.</p>
]]></content:encoded>
					
					<wfw:commentRss>https://lethiphuonglan.github.io/Bloom-flower/san-pham/lo-hoa-co-gai-mau-moi/feed/</wfw:commentRss>
			<slash:comments>0</slash:comments>
		
		
			</item>
		<item>
		<title>Phong cách đơn giản</title>
		<link>https://lethiphuonglan.github.io/Bloom-flower/san-pham/phong-cach-don-gian-2/</link>
					<comments>https://lethiphuonglan.github.io/Bloom-flower/san-pham/phong-cach-don-gian-2/#respond</comments>
		
		<dc:creator><![CDATA[lethiphuonglan]]></dc:creator>
		<pubDate>Wed, 07 Jul 2021 14:13:22 +0000</pubDate>
				<guid isPermaLink="false">https://lethiphuonglan.github.io/Bloom-flower/?post_type=product&#038;p=393</guid>

					<description><![CDATA[<ul>
<li>Cành hoa như hình</li>
<li>Không bao gồm lọ đựng sản phẩm</li>
</ul>
<p>Bài viết <a rel="nofollow" href="https://lethiphuonglan.github.io/Bloom-flower/san-pham/phong-cach-don-gian-2/">Phong cách đơn giản</a> đã xuất hiện đầu tiên vào ngày <a rel="nofollow" href="https://lethiphuonglan.github.io/Bloom-flower">Bloom Flower</a>.</p>
]]></description>
										<content:encoded><![CDATA[<p>Bài viết <a rel="nofollow" href="https://lethiphuonglan.github.io/Bloom-flower/san-pham/phong-cach-don-gian-2/">Phong cách đơn giản</a> đã xuất hiện đầu tiên vào ngày <a rel="nofollow" href="https://lethiphuonglan.github.io/Bloom-flower">Bloom Flower</a>.</p>
]]></content:encoded>
					
					<wfw:commentRss>https://lethiphuonglan.github.io/Bloom-flower/san-pham/phong-cach-don-gian-2/feed/</wfw:commentRss>
			<slash:comments>0</slash:comments>
		
		
			</item>
		<item>
		<title>Phong cách đơn giản</title>
		<link>https://lethiphuonglan.github.io/Bloom-flower/san-pham/phong-cach-don-gian/</link>
					<comments>https://lethiphuonglan.github.io/Bloom-flower/san-pham/phong-cach-don-gian/#respond</comments>
		
		<dc:creator><![CDATA[lethiphuonglan]]></dc:creator>
		<pubDate>Wed, 07 Jul 2021 14:09:00 +0000</pubDate>
				<guid isPermaLink="false">https://lethiphuonglan.github.io/Bloom-flower/?post_type=product&#038;p=391</guid>

					<description><![CDATA[<ul>
<li>Cành hoa như hình</li>
<li>Không bao gồm lọ đựng sản phẩm</li>
</ul>
<p>Bài viết <a rel="nofollow" href="https://lethiphuonglan.github.io/Bloom-flower/san-pham/phong-cach-don-gian/">Phong cách đơn giản</a> đã xuất hiện đầu tiên vào ngày <a rel="nofollow" href="https://lethiphuonglan.github.io/Bloom-flower">Bloom Flower</a>.</p>
]]></description>
										<content:encoded><![CDATA[<p>Bài viết <a rel="nofollow" href="https://lethiphuonglan.github.io/Bloom-flower/san-pham/phong-cach-don-gian/">Phong cách đơn giản</a> đã xuất hiện đầu tiên vào ngày <a rel="nofollow" href="https://lethiphuonglan.github.io/Bloom-flower">Bloom Flower</a>.</p>
]]></content:encoded>
					
					<wfw:commentRss>https://lethiphuonglan.github.io/Bloom-flower/san-pham/phong-cach-don-gian/feed/</wfw:commentRss>
			<slash:comments>0</slash:comments>
		
		
			</item>
		<item>
		<title>Bó hoa khô lavender oải hương CÓ MÙI THƠM</title>
		<link>https://lethiphuonglan.github.io/Bloom-flower/san-pham/bo-hoa-kho-lavender-oai-huong-co-mui-thom/</link>
					<comments>https://lethiphuonglan.github.io/Bloom-flower/san-pham/bo-hoa-kho-lavender-oai-huong-co-mui-thom/#respond</comments>
		
		<dc:creator><![CDATA[lethiphuonglan]]></dc:creator>
		<pubDate>Tue, 06 Jul 2021 19:12:46 +0000</pubDate>
				<guid isPermaLink="false">https://lethiphuonglan.github.io/Bloom-flower/?post_type=product&#038;p=268</guid>

					<description><![CDATA[<ul>
<li>Kích thước: chiều dài cành 38-45cm</li>
<li>Bó 100/200/300 cành.</li>
<li>Có mùi thơm.</li>
</ul>
<p>Bài viết <a rel="nofollow" href="https://lethiphuonglan.github.io/Bloom-flower/san-pham/bo-hoa-kho-lavender-oai-huong-co-mui-thom/">Bó hoa khô lavender oải hương CÓ MÙI THƠM</a> đã xuất hiện đầu tiên vào ngày <a rel="nofollow" href="https://lethiphuonglan.github.io/Bloom-flower">Bloom Flower</a>.</p>
]]></description>
										<content:encoded><![CDATA[<p>Bó hoa lavender thơm ngát, Hoa khô oải hương trang trí bình sứ, lọ thủy tinh, thiệp giấy handmade<br />
<img src="https://s.w.org/images/core/emoji/13.0.1/72x72/2764.png" alt="❤" class="wp-smiley" style="height: 1em; max-height: 1em;" /> Kích thước: chiều dài cành 38-45cm.<br />
<img src="https://s.w.org/images/core/emoji/13.0.1/72x72/2764.png" alt="❤" class="wp-smiley" style="height: 1em; max-height: 1em;" /> Dùng để làm qùa tặng, trang trí nhà cửa, quán cafe, cắm bình hoặc làm phụ kiện trang trí chụp ảnh, decor<br />
<img src="https://s.w.org/images/core/emoji/13.0.1/72x72/2764.png" alt="❤" class="wp-smiley" style="height: 1em; max-height: 1em;" /> Hoa Oải Hương Lavender khô được dùng trang trí, tạo phong cách sang trọng và cổ điển. Đặc trưng hoa mang mùi thơm lâu dễ chịu. Để ở góc bàn làm việc giúp xả stress sau những giờ làm việc căng thẳng. Đặt trong phòng ngủ cho giấc ngủ sâu.<br />
<img src="https://s.w.org/images/core/emoji/13.0.1/72x72/2764.png" alt="❤" class="wp-smiley" style="height: 1em; max-height: 1em;" /> Hoa lavender khô còn được dùng làm quà tặng vì được tượng trưng cho sự thủy chung trong tình yêu hoặc trong tình bạn, hoa lavender thể hiện cho sự chân thành. Ngoài ra, hoa lavender còn mang ý nghĩa mang lại may mắn và bình yên.<br />
<img src="https://s.w.org/images/core/emoji/13.0.1/72x72/2764.png" alt="❤" class="wp-smiley" style="height: 1em; max-height: 1em;" /> Mùi hương của Lavender không thể lẫn với bất kỳ loài hoa nào được. Không phải là mùi thanh mát như bạc hà, không phải nồng đậm như hoa hồng mà rất huyễn hoặc mê đắm.<br />
<img src="https://s.w.org/images/core/emoji/13.0.1/72x72/2764.png" alt="❤" class="wp-smiley" style="height: 1em; max-height: 1em;" /> Những cành hoa Lavender khô có thể giữ được nhiều nhất là 5 năm nếu được giữ trong môi trường không khí tốt.<br />
LÀM SAO ĐỂ GIỮ ĐƯỢC MÙI HOA OẢI HƯƠNG ĐƯỢC LÂU DÀI:</p>
<p>1. Không cắm hoa Lavender vào các bình hoa miệng hẹp &#8211; loại bình dùng cắm hoa tươi, các bình hoa đứng hoặc cao vì hơi ẩm lâu ngày tụ lại trong bình hoa sẽ làm hoa oải hương bị ẩm và sinh mốc.</p>
<p>2. Không cắm hoa vào các giỏ hoa mây, tre để không khí ẩm không tụ lại bên trong.</p>
<p>3. Không cắm hoa ở nơi có không khí ẩm như: toilet, nhà bếp, khu vực phơi đồ&#8230;</p>
<p>4. Không cắm hoa trực tiếp dưới ánh nắng mặt trời, hoặc gần nơi nhiệt độ cao vì ánh nắng sẽ làm màu của hoa nhạt dần.</p>
<p>5. Không để nước dính vào hoa.</p>
<p>Bài viết <a rel="nofollow" href="https://lethiphuonglan.github.io/Bloom-flower/san-pham/bo-hoa-kho-lavender-oai-huong-co-mui-thom/">Bó hoa khô lavender oải hương CÓ MÙI THƠM</a> đã xuất hiện đầu tiên vào ngày <a rel="nofollow" href="https://lethiphuonglan.github.io/Bloom-flower">Bloom Flower</a>.</p>
]]></content:encoded>
					
					<wfw:commentRss>https://lethiphuonglan.github.io/Bloom-flower/san-pham/bo-hoa-kho-lavender-oai-huong-co-mui-thom/feed/</wfw:commentRss>
			<slash:comments>0</slash:comments>
		
		
			</item>
		<item>
		<title>HOA THÔNG MANDALA</title>
		<link>https://lethiphuonglan.github.io/Bloom-flower/san-pham/hoa-thong-mandala/</link>
					<comments>https://lethiphuonglan.github.io/Bloom-flower/san-pham/hoa-thong-mandala/#respond</comments>
		
		<dc:creator><![CDATA[lethiphuonglan]]></dc:creator>
		<pubDate>Tue, 06 Jul 2021 19:05:24 +0000</pubDate>
				<guid isPermaLink="false">https://lethiphuonglan.github.io/Bloom-flower/?post_type=product&#038;p=259</guid>

					<description><![CDATA[<p>✪ Chất Liệu: thông sấy khô<br />
✪ Định lượng: 1 cành<br />
✪ Chiều dài đầu bông nhỏ: 7cm<br />
✪ Chiều dài cả cành: ~40cm</p>
<p>Bài viết <a rel="nofollow" href="https://lethiphuonglan.github.io/Bloom-flower/san-pham/hoa-thong-mandala/">HOA THÔNG MANDALA</a> đã xuất hiện đầu tiên vào ngày <a rel="nofollow" href="https://lethiphuonglan.github.io/Bloom-flower">Bloom Flower</a>.</p>
]]></description>
										<content:encoded><![CDATA[<p>HOA THÔNG MANDALA <img src="https://s.w.org/images/core/emoji/13.0.1/72x72/1f96d.png" alt="🥭" class="wp-smiley" style="height: 1em; max-height: 1em;" />FREESHIP<img src="https://s.w.org/images/core/emoji/13.0.1/72x72/1f96d.png" alt="🥭" class="wp-smiley" style="height: 1em; max-height: 1em;" />decor trang trí Vintage, trang trí resin, handmade &#8211; Lẻ cành đẹp</p>
<p>XIN QUÝ KHÁCH VUI LÒNG ĐỌC KỸ MÔ TẢ SẢN PHẨM TRƯỚC KHI MUA!</p>
<p><img src="https://s.w.org/images/core/emoji/13.0.1/72x72/1f96d.png" alt="🥭" class="wp-smiley" style="height: 1em; max-height: 1em;" /> Mô tả sản Phẩm <img src="https://s.w.org/images/core/emoji/13.0.1/72x72/1f96d.png" alt="🥭" class="wp-smiley" style="height: 1em; max-height: 1em;" /><br />
✪ Tên: HOA THÔNG MANDALA<br />
✪ Màu sắc: bấm phân loại sp để chọn màu<br />
✪ Chất Liệu: thông sấy khô<br />
✪ Định lượng: 1 cành<br />
✪ Chiều dài đầu bông nhỏ: 7cm<br />
✪ Chiều dài cả cành: ~40cm<br />
Hoa dạng cánh rời, kích thước đường kính khoảng 7 cm, để bảo vệ đầu hoa, tớ xin phép trụ và đầu hoa được vận chuyển riêng, bạn có thể cắm hoa sau khi nhận hàng. Chiều dài mặc định là 40 cm hoặc có thể cắt ngắn đi nếu bạn thích.</p>
<p>Tớ yêu thích hoa nên chỉ nhập hàng loại 1 mà tớ thấy đẹp nhất, coi bán hàng là đam mê nên giá luôn tốt và rẻ nha^^<br />
Các nàng mua hoa nhà tớ luôn được tặng thêm hoa, đóng gói hộp giấy cẩn thận ạ<br />
Nếu bạn nào mua làm quà tặng có thể nhắn shop cột thêm ruy băng cho xinh nè ^^<br />
Hàng nhà mình đều có sẵn, nên các cậu cứ thế cho vào giỏ hàng và thanh toán thôi nhé.</p>
<p><img src="https://s.w.org/images/core/emoji/13.0.1/72x72/1f341.png" alt="🍁" class="wp-smiley" style="height: 1em; max-height: 1em;" /><img src="https://s.w.org/images/core/emoji/13.0.1/72x72/1f341.png" alt="🍁" class="wp-smiley" style="height: 1em; max-height: 1em;" />QUYỀN LỢI KHÁCH HÀNG<img src="https://s.w.org/images/core/emoji/13.0.1/72x72/1f341.png" alt="🍁" class="wp-smiley" style="height: 1em; max-height: 1em;" /><img src="https://s.w.org/images/core/emoji/13.0.1/72x72/1f341.png" alt="🍁" class="wp-smiley" style="height: 1em; max-height: 1em;" /><br />
<img src="https://s.w.org/images/core/emoji/13.0.1/72x72/2714.png" alt="✔" class="wp-smiley" style="height: 1em; max-height: 1em;" /> Trường hợp sản phẩm không đúng như mô tả, sai sp, sai số lượng, hàng lỗi, hàng hư trong quá trình vận chuyển,&#8230; Inbox ngay cho shop để tớ hướng dẫn trả hàng, hoàn tiền một cách nhanh chóng nhất.<br />
<img src="https://s.w.org/images/core/emoji/13.0.1/72x72/2714.png" alt="✔" class="wp-smiley" style="height: 1em; max-height: 1em;" /> Dành tặng Voucher giảm 10% cho KH đánh giá 5* đính kèm hình ảnh sản phẩm ạ.</p>
<p><img src="https://s.w.org/images/core/emoji/13.0.1/72x72/1f341.png" alt="🍁" class="wp-smiley" style="height: 1em; max-height: 1em;" /><img src="https://s.w.org/images/core/emoji/13.0.1/72x72/1f341.png" alt="🍁" class="wp-smiley" style="height: 1em; max-height: 1em;" />LƯU Ý SỬ DỤNG<img src="https://s.w.org/images/core/emoji/13.0.1/72x72/1f341.png" alt="🍁" class="wp-smiley" style="height: 1em; max-height: 1em;" /><img src="https://s.w.org/images/core/emoji/13.0.1/72x72/1f341.png" alt="🍁" class="wp-smiley" style="height: 1em; max-height: 1em;" /><br />
✪ Cách bảo quản hoa: không để hoa ẩm (ko tưới nước, để nơi khô thoáng), không phơi dưới ánh nắng gắt trực tiếp, hạn chế sờ miết hoa.<br />
✪ Dịu dàng với hoa nhé các cậu.<br />
✪ Màu sắc hình ảnh có thể đậm hoặc nhạt hơn màu thực tế do chế độ hiển thị trên mỗi thiết bị khác nhau.</p>
<p>Bài viết <a rel="nofollow" href="https://lethiphuonglan.github.io/Bloom-flower/san-pham/hoa-thong-mandala/">HOA THÔNG MANDALA</a> đã xuất hiện đầu tiên vào ngày <a rel="nofollow" href="https://lethiphuonglan.github.io/Bloom-flower">Bloom Flower</a>.</p>
]]></content:encoded>
					
					<wfw:commentRss>https://lethiphuonglan.github.io/Bloom-flower/san-pham/hoa-thong-mandala/feed/</wfw:commentRss>
			<slash:comments>0</slash:comments>
		
		
			</item>
		<item>
		<title>Bó 5 cành hoa Brazil hoa hạnh phúc hoa khô đạo cụ chụp decor trang trí màu tự nhiên</title>
		<link>https://lethiphuonglan.github.io/Bloom-flower/san-pham/bo-5-canh-hoa-brazil-hoa-hanh-phuc-hoa-kho-dao-cu-chup-decor-trang-tri-mau-tu-nhien/</link>
					<comments>https://lethiphuonglan.github.io/Bloom-flower/san-pham/bo-5-canh-hoa-brazil-hoa-hanh-phuc-hoa-kho-dao-cu-chup-decor-trang-tri-mau-tu-nhien/#respond</comments>
		
		<dc:creator><![CDATA[lethiphuonglan]]></dc:creator>
		<pubDate>Tue, 06 Jul 2021 18:46:58 +0000</pubDate>
				<guid isPermaLink="false">https://lethiphuonglan.github.io/Bloom-flower/?post_type=product&#038;p=253</guid>

					<description><![CDATA[<p>Hoa có chiều dài từ 30-50cm.<br />
Kích thước đầu hoa từ 0,5 - 0,8 cm</p>
<p>Bài viết <a rel="nofollow" href="https://lethiphuonglan.github.io/Bloom-flower/san-pham/bo-5-canh-hoa-brazil-hoa-hanh-phuc-hoa-kho-dao-cu-chup-decor-trang-tri-mau-tu-nhien/">Bó 5 cành hoa Brazil hoa hạnh phúc hoa khô đạo cụ chụp decor trang trí màu tự nhiên</a> đã xuất hiện đầu tiên vào ngày <a rel="nofollow" href="https://lethiphuonglan.github.io/Bloom-flower">Bloom Flower</a>.</p>
]]></description>
										<content:encoded><![CDATA[<p>Bó 5 cành hoa khô Brazil, hoa hạnh phúc<br />
Hoa có xuất xứ Brazil,, đầu bông bằng đầu đũa, thân mỏng như que tăm.<br />
Hoa có chiều dài từ 30-50cm.<br />
Kích thước đầu hoa từ 0,5 &#8211; 0,8 cm<br />
Bạn hãy cân nhắc trước khi đặt hàng nhé, vì hoa có thể sẽ nhỏ hơn so với bạn tưởng tượng, nó chừng bằng đầu ngón tay út của bạn.<br />
Hoa có tuổi thọ lên đến 10 năm KHÔNG TÀN.</p>
<p>Bài viết <a rel="nofollow" href="https://lethiphuonglan.github.io/Bloom-flower/san-pham/bo-5-canh-hoa-brazil-hoa-hanh-phuc-hoa-kho-dao-cu-chup-decor-trang-tri-mau-tu-nhien/">Bó 5 cành hoa Brazil hoa hạnh phúc hoa khô đạo cụ chụp decor trang trí màu tự nhiên</a> đã xuất hiện đầu tiên vào ngày <a rel="nofollow" href="https://lethiphuonglan.github.io/Bloom-flower">Bloom Flower</a>.</p>
]]></content:encoded>
					
					<wfw:commentRss>https://lethiphuonglan.github.io/Bloom-flower/san-pham/bo-5-canh-hoa-brazil-hoa-hanh-phuc-hoa-kho-dao-cu-chup-decor-trang-tri-mau-tu-nhien/feed/</wfw:commentRss>
			<slash:comments>0</slash:comments>
		
		
			</item>
		<item>
		<title>Hoa Hồng Mẫu Đơn bằng lụa</title>
		<link>https://lethiphuonglan.github.io/Bloom-flower/san-pham/hoa-hong-mau-don-bang-lua/</link>
					<comments>https://lethiphuonglan.github.io/Bloom-flower/san-pham/hoa-hong-mau-don-bang-lua/#respond</comments>
		
		<dc:creator><![CDATA[lethiphuonglan]]></dc:creator>
		<pubDate>Tue, 06 Jul 2021 18:41:45 +0000</pubDate>
				<guid isPermaLink="false">https://lethiphuonglan.github.io/Bloom-flower/?post_type=product&#038;p=243</guid>

					<description><![CDATA[<ul>
<li>Dài cành 61 cm</li>
<li>Bông hoa rộng 8-9cm</li>
</ul>
<p>Bài viết <a rel="nofollow" href="https://lethiphuonglan.github.io/Bloom-flower/san-pham/hoa-hong-mau-don-bang-lua/">Hoa Hồng Mẫu Đơn bằng lụa</a> đã xuất hiện đầu tiên vào ngày <a rel="nofollow" href="https://lethiphuonglan.github.io/Bloom-flower">Bloom Flower</a>.</p>
]]></description>
										<content:encoded><![CDATA[<p><img src="https://s.w.org/images/core/emoji/13.0.1/72x72/1f497.png" alt="💗" class="wp-smiley" style="height: 1em; max-height: 1em;" />Lưu ý với khách hàng: Đây là Hoa hồng kiểu bông như hoa mẫu đơn cành 3 bông loại cao cấp nhất, là loại có nụ hoa cao hơn 2 bông hoa lớn, và bông hoa rộng hơn (8-9cm)<br />
<img src="https://s.w.org/images/core/emoji/13.0.1/72x72/1f497.png" alt="💗" class="wp-smiley" style="height: 1em; max-height: 1em;" />Bông hoa được làm hoàn toàn bằng vải lụa phủ sáp uốn cong, sờ cực mềm và mịn, màu sắc tươi giống thật 99%<br />
<img src="https://s.w.org/images/core/emoji/13.0.1/72x72/1f497.png" alt="💗" class="wp-smiley" style="height: 1em; max-height: 1em;" />Hoa nở vừa đều đẹp, Lớp cắt dập tinh tế không lộ liễu<br />
&#8211; cành lá và thân làm tự nhựa PVC, thân có lõi kim loại có thể uốn cong hoặc cắt ngắn tùy ý. Lá có thể tháo lắp<br />
&#8211; Một bình cắm khoảng 5- 10 cành ứng dụng trong cắm lọ trang trí nhà cửa hoặc đám cưới cực kỳ sang trọng<br />
Đạo cụ chụp ảnh sản phẩm, Trang trí bàn ăn,nhà bếp, quán cafe trà sữa, Trang trí tủ bằng trang điểm giá sách &#8230;</p>
<p><img src="https://s.w.org/images/core/emoji/13.0.1/72x72/2705.png" alt="✅" class="wp-smiley" style="height: 1em; max-height: 1em;" /> Kích thước sản phẩm:<br />
Dài cành 61 cm<br />
Bông hoa rộng 8-9cm</p>
<p><img src="https://s.w.org/images/core/emoji/13.0.1/72x72/2705.png" alt="✅" class="wp-smiley" style="height: 1em; max-height: 1em;" /> Sản phẩm bao gồm 1 cành, 2 bông hoa lớn và 1 nụ hoa và lá (hình số 5)<br />
Khách hàng Vui lòng chọn đúng phân loại màu sắc, Shop sẽ đóng theo đúng phân loại khách chọn</p>
<p>Bài viết <a rel="nofollow" href="https://lethiphuonglan.github.io/Bloom-flower/san-pham/hoa-hong-mau-don-bang-lua/">Hoa Hồng Mẫu Đơn bằng lụa</a> đã xuất hiện đầu tiên vào ngày <a rel="nofollow" href="https://lethiphuonglan.github.io/Bloom-flower">Bloom Flower</a>.</p>
]]></content:encoded>
					
					<wfw:commentRss>https://lethiphuonglan.github.io/Bloom-flower/san-pham/hoa-hong-mau-don-bang-lua/feed/</wfw:commentRss>
			<slash:comments>0</slash:comments>
		
		
			</item>
	</channel>
</rss>
