<?xml version="1.0" encoding="UTF-8"?><rss version="2.0"
	xmlns:content="http://purl.org/rss/1.0/modules/content/"
	xmlns:wfw="http://wellformedweb.org/CommentAPI/"
	xmlns:dc="http://purl.org/dc/elements/1.1/"
	xmlns:atom="http://www.w3.org/2005/Atom"
	xmlns:sy="http://purl.org/rss/1.0/modules/syndication/"
	xmlns:slash="http://purl.org/rss/1.0/modules/slash/"
	>

<channel>
	<title>trang trí resin &#8211; Bloom Flower</title>
	<atom:link href="http://localhost/myproject/wordpress/tu-khoa-san-pham/trang-tri-resin/feed/" rel="self" type="application/rss+xml" />
	<link>https://lethiphuonglan.github.io/Bloom-flower</link>
	<description>Let flowers speak for you!</description>
	<lastBuildDate>Wed, 07 Jul 2021 18:17:30 +0000</lastBuildDate>
	<language>vi</language>
	<sy:updatePeriod>
	hourly	</sy:updatePeriod>
	<sy:updateFrequency>
	1	</sy:updateFrequency>
	<generator>https://wordpress.org/?v=5.7.2</generator>

<image>
	<url>https://lethiphuonglan.github.io/Bloom-flower/wp-content/uploads/2021/07/cropped-c1ccc56ac57d55e50ef33edf2eae586e-1-32x32.jpeg</url>
	<title>trang trí resin &#8211; Bloom Flower</title>
	<link>https://lethiphuonglan.github.io/Bloom-flower</link>
	<width>32</width>
	<height>32</height>
</image> 
	<item>
		<title>Giỏ nan trang trí phối ren</title>
		<link>https://lethiphuonglan.github.io/Bloom-flower/san-pham/gio-nan-trang-tri-phoi-ren/</link>
					<comments>https://lethiphuonglan.github.io/Bloom-flower/san-pham/gio-nan-trang-tri-phoi-ren/#respond</comments>
		
		<dc:creator><![CDATA[lethiphuonglan]]></dc:creator>
		<pubDate>Wed, 07 Jul 2021 18:17:30 +0000</pubDate>
				<guid isPermaLink="false">https://lethiphuonglan.github.io/Bloom-flower/?post_type=product&#038;p=476</guid>

					<description><![CDATA[<ul>
 	<li>Giỏ nan, tre làm thủ công</li>
 	<li>Thiết kế phù hợp cho phong cách decor vintage, thân thiện</li>
</ul>]]></description>
										<content:encoded><![CDATA[<ul>
 	<li>Giỏ nan, tre làm thủ công</li>
 	<li>Thiết kế phù hợp cho phong cách decor vintage, thân thiện</li>
</ul>]]></content:encoded>
					
					<wfw:commentRss>https://lethiphuonglan.github.io/Bloom-flower/san-pham/gio-nan-trang-tri-phoi-ren/feed/</wfw:commentRss>
			<slash:comments>0</slash:comments>
		
		
			</item>
		<item>
		<title>Giỏ nan, tre</title>
		<link>https://lethiphuonglan.github.io/Bloom-flower/san-pham/gio-nan-tre/</link>
					<comments>https://lethiphuonglan.github.io/Bloom-flower/san-pham/gio-nan-tre/#respond</comments>
		
		<dc:creator><![CDATA[lethiphuonglan]]></dc:creator>
		<pubDate>Wed, 07 Jul 2021 18:15:06 +0000</pubDate>
				<guid isPermaLink="false">https://lethiphuonglan.github.io/Bloom-flower/?post_type=product&#038;p=474</guid>

					<description><![CDATA[<ul>
 	<li>Giỏ nan, tre làm thủ công</li>
 	<li>Thiết kế phù hợp cho phong cách decor vintage, thân thiện</li>
</ul>]]></description>
										<content:encoded><![CDATA[<ul>
 	<li>Giỏ nan, tre làm thủ công</li>
 	<li>Thiết kế phù hợp cho phong cách decor vintage, thân thiện</li>
</ul>]]></content:encoded>
					
					<wfw:commentRss>https://lethiphuonglan.github.io/Bloom-flower/san-pham/gio-nan-tre/feed/</wfw:commentRss>
			<slash:comments>0</slash:comments>
		
		
			</item>
		<item>
		<title>Hoa mix sẵn &#8211; decor phong cách Bắc Mĩ</title>
		<link>https://lethiphuonglan.github.io/Bloom-flower/san-pham/hoa-mix-san-decor-phong-cach-bac-mi/</link>
					<comments>https://lethiphuonglan.github.io/Bloom-flower/san-pham/hoa-mix-san-decor-phong-cach-bac-mi/#respond</comments>
		
		<dc:creator><![CDATA[lethiphuonglan]]></dc:creator>
		<pubDate>Wed, 07 Jul 2021 18:12:51 +0000</pubDate>
				<guid isPermaLink="false">https://lethiphuonglan.github.io/Bloom-flower/?post_type=product&#038;p=473</guid>

					<description><![CDATA[<ul>
 	<li>Sản phẩm như hình</li>
 	<li>Không bao gồm lọ đựng sản phẩm, vui lòng chọn thêm lọ tại danh mục phụ kiện</li>
</ul>]]></description>
										<content:encoded><![CDATA[<ul>
 	<li>Sản phẩm như hình</li>
 	<li>Không bao gồm lọ đựng sản phẩm, vui lòng chọn thêm lọ tại danh mục phụ kiện</li>
</ul>]]></content:encoded>
					
					<wfw:commentRss>https://lethiphuonglan.github.io/Bloom-flower/san-pham/hoa-mix-san-decor-phong-cach-bac-mi/feed/</wfw:commentRss>
			<slash:comments>0</slash:comments>
		
		
			</item>
		<item>
		<title>Hoa khô decor-đuôi thỏ- thông</title>
		<link>https://lethiphuonglan.github.io/Bloom-flower/san-pham/hoa-kho-decor-duoi-tho-thong/</link>
					<comments>https://lethiphuonglan.github.io/Bloom-flower/san-pham/hoa-kho-decor-duoi-tho-thong/#respond</comments>
		
		<dc:creator><![CDATA[lethiphuonglan]]></dc:creator>
		<pubDate>Wed, 07 Jul 2021 18:07:44 +0000</pubDate>
				<guid isPermaLink="false">https://lethiphuonglan.github.io/Bloom-flower/?post_type=product&#038;p=470</guid>

					<description><![CDATA[<ul>
 	<li>Sản phẩm như hình</li>
 	<li>Không bao gồm lọ đựng sản phẩm, vui lòng chọn thêm lọ tại danh mục phụ kiện</li>
</ul>]]></description>
										<content:encoded><![CDATA[<ul>
 	<li>Sản phẩm như hình</li>
 	<li>Không bao gồm lọ đựng sản phẩm, vui lòng chọn thêm lọ tại danh mục phụ kiện</li>
</ul>]]></content:encoded>
					
					<wfw:commentRss>https://lethiphuonglan.github.io/Bloom-flower/san-pham/hoa-kho-decor-duoi-tho-thong/feed/</wfw:commentRss>
			<slash:comments>0</slash:comments>
		
		
			</item>
		<item>
		<title>Lọ hoa cô gái</title>
		<link>https://lethiphuonglan.github.io/Bloom-flower/san-pham/lo-hoa-co-gai/</link>
					<comments>https://lethiphuonglan.github.io/Bloom-flower/san-pham/lo-hoa-co-gai/#respond</comments>
		
		<dc:creator><![CDATA[lethiphuonglan]]></dc:creator>
		<pubDate>Wed, 07 Jul 2021 14:56:57 +0000</pubDate>
				<guid isPermaLink="false">https://lethiphuonglan.github.io/Bloom-flower/?post_type=product&#038;p=442</guid>

					<description><![CDATA[<ul>
 	<li>Sản phẩm làm từ gốm, sứ cao cấp</li>
 	<li>Sản phẩm như hình.</li>
</ul>]]></description>
										<content:encoded><![CDATA[<ul>
 	<li>Sản phẩm làm từ gốm, sứ cao cấp</li>
 	<li>Sản phẩm như hình.</li>
</ul>]]></content:encoded>
					
					<wfw:commentRss>https://lethiphuonglan.github.io/Bloom-flower/san-pham/lo-hoa-co-gai/feed/</wfw:commentRss>
			<slash:comments>0</slash:comments>
		
		
			</item>
		<item>
		<title>Phụ kiện gói hoa, decor hoa &#8211; Dây ren, Dây cột nơ</title>
		<link>https://lethiphuonglan.github.io/Bloom-flower/san-pham/phu-kien-goi-hoa-decor-hoa-day-ren-day-cot-no/</link>
					<comments>https://lethiphuonglan.github.io/Bloom-flower/san-pham/phu-kien-goi-hoa-decor-hoa-day-ren-day-cot-no/#respond</comments>
		
		<dc:creator><![CDATA[lethiphuonglan]]></dc:creator>
		<pubDate>Wed, 07 Jul 2021 14:52:51 +0000</pubDate>
				<guid isPermaLink="false">https://lethiphuonglan.github.io/Bloom-flower/?post_type=product&#038;p=437</guid>

					<description><![CDATA[<ul>
 	<li>Các sản phẩm Bloom lựa chọn đều là sản phẩm chất lượng tốt nhất trên thị trường.</li>
</ul>]]></description>
										<content:encoded><![CDATA[<ul>
 	<li>Các sản phẩm Bloom lựa chọn đều là sản phẩm chất lượng tốt nhất trên thị trường.</li>
</ul>]]></content:encoded>
					
					<wfw:commentRss>https://lethiphuonglan.github.io/Bloom-flower/san-pham/phu-kien-goi-hoa-decor-hoa-day-ren-day-cot-no/feed/</wfw:commentRss>
			<slash:comments>0</slash:comments>
		
		
			</item>
		<item>
		<title>Những bó hoa vintage mà vẫn sang trọng</title>
		<link>https://lethiphuonglan.github.io/Bloom-flower/san-pham/nhung-bo-hoa-vintage-ma-van-sang-trong/</link>
					<comments>https://lethiphuonglan.github.io/Bloom-flower/san-pham/nhung-bo-hoa-vintage-ma-van-sang-trong/#respond</comments>
		
		<dc:creator><![CDATA[lethiphuonglan]]></dc:creator>
		<pubDate>Wed, 07 Jul 2021 14:17:35 +0000</pubDate>
				<guid isPermaLink="false">https://lethiphuonglan.github.io/Bloom-flower/?post_type=product&#038;p=394</guid>

					<description><![CDATA[<ul>
 	<li>Sản phẩm như hình</li>
 	<li>Có thể thay đổi màu giấy gói và phụ kiện, vui lòng chọn danh mục lọ hoa, phụ kiện.</li>
</ul>]]></description>
										<content:encoded><![CDATA[<ul>
 	<li>Sản phẩm như hình</li>
 	<li>Có thể thay đổi màu giấy gói và phụ kiện, vui lòng chọn danh mục lọ hoa, phụ kiện.</li>
</ul>]]></content:encoded>
					
					<wfw:commentRss>https://lethiphuonglan.github.io/Bloom-flower/san-pham/nhung-bo-hoa-vintage-ma-van-sang-trong/feed/</wfw:commentRss>
			<slash:comments>0</slash:comments>
		
		
			</item>
		<item>
		<title>Phong cách đơn giản</title>
		<link>https://lethiphuonglan.github.io/Bloom-flower/san-pham/phong-cach-don-gian/</link>
					<comments>https://lethiphuonglan.github.io/Bloom-flower/san-pham/phong-cach-don-gian/#respond</comments>
		
		<dc:creator><![CDATA[lethiphuonglan]]></dc:creator>
		<pubDate>Wed, 07 Jul 2021 14:09:00 +0000</pubDate>
				<guid isPermaLink="false">https://lethiphuonglan.github.io/Bloom-flower/?post_type=product&#038;p=391</guid>

					<description><![CDATA[<ul>
 	<li>Cành hoa như hình</li>
 	<li>Không bao gồm lọ đựng sản phẩm</li>
</ul>]]></description>
										<content:encoded><![CDATA[<ul>
 	<li>Cành hoa như hình</li>
 	<li>Không bao gồm lọ đựng sản phẩm</li>
</ul>]]></content:encoded>
					
					<wfw:commentRss>https://lethiphuonglan.github.io/Bloom-flower/san-pham/phong-cach-don-gian/feed/</wfw:commentRss>
			<slash:comments>0</slash:comments>
		
		
			</item>
		<item>
		<title>Bó hoa khô lavender oải hương CÓ MÙI THƠM</title>
		<link>https://lethiphuonglan.github.io/Bloom-flower/san-pham/bo-hoa-kho-lavender-oai-huong-co-mui-thom/</link>
					<comments>https://lethiphuonglan.github.io/Bloom-flower/san-pham/bo-hoa-kho-lavender-oai-huong-co-mui-thom/#respond</comments>
		
		<dc:creator><![CDATA[lethiphuonglan]]></dc:creator>
		<pubDate>Tue, 06 Jul 2021 19:12:46 +0000</pubDate>
				<guid isPermaLink="false">https://lethiphuonglan.github.io/Bloom-flower/?post_type=product&#038;p=268</guid>

					<description><![CDATA[<ul>
 	<li>Kích thước: chiều dài cành 38-45cm</li>
 	<li>Bó 100/200/300 cành.</li>
 	<li>Có mùi thơm.</li>
</ul>]]></description>
										<content:encoded><![CDATA[<p>Bó hoa lavender thơm ngát, Hoa khô oải hương trang trí bình sứ, lọ thủy tinh, thiệp giấy handmade<br />
<img src="https://s.w.org/images/core/emoji/13.0.1/72x72/2764.png" alt="❤" class="wp-smiley" style="height: 1em; max-height: 1em;" /> Kích thước: chiều dài cành 38-45cm.<br />
<img src="https://s.w.org/images/core/emoji/13.0.1/72x72/2764.png" alt="❤" class="wp-smiley" style="height: 1em; max-height: 1em;" /> Dùng để làm qùa tặng, trang trí nhà cửa, quán cafe, cắm bình hoặc làm phụ kiện trang trí chụp ảnh, decor<br />
<img src="https://s.w.org/images/core/emoji/13.0.1/72x72/2764.png" alt="❤" class="wp-smiley" style="height: 1em; max-height: 1em;" /> Hoa Oải Hương Lavender khô được dùng trang trí, tạo phong cách sang trọng và cổ điển. Đặc trưng hoa mang mùi thơm lâu dễ chịu. Để ở góc bàn làm việc giúp xả stress sau những giờ làm việc căng thẳng. Đặt trong phòng ngủ cho giấc ngủ sâu.<br />
<img src="https://s.w.org/images/core/emoji/13.0.1/72x72/2764.png" alt="❤" class="wp-smiley" style="height: 1em; max-height: 1em;" /> Hoa lavender khô còn được dùng làm quà tặng vì được tượng trưng cho sự thủy chung trong tình yêu hoặc trong tình bạn, hoa lavender thể hiện cho sự chân thành. Ngoài ra, hoa lavender còn mang ý nghĩa mang lại may mắn và bình yên.<br />
<img src="https://s.w.org/images/core/emoji/13.0.1/72x72/2764.png" alt="❤" class="wp-smiley" style="height: 1em; max-height: 1em;" /> Mùi hương của Lavender không thể lẫn với bất kỳ loài hoa nào được. Không phải là mùi thanh mát như bạc hà, không phải nồng đậm như hoa hồng mà rất huyễn hoặc mê đắm.<br />
<img src="https://s.w.org/images/core/emoji/13.0.1/72x72/2764.png" alt="❤" class="wp-smiley" style="height: 1em; max-height: 1em;" /> Những cành hoa Lavender khô có thể giữ được nhiều nhất là 5 năm nếu được giữ trong môi trường không khí tốt.<br />
LÀM SAO ĐỂ GIỮ ĐƯỢC MÙI HOA OẢI HƯƠNG ĐƯỢC LÂU DÀI:</p>
<p>1. Không cắm hoa Lavender vào các bình hoa miệng hẹp &#8211; loại bình dùng cắm hoa tươi, các bình hoa đứng hoặc cao vì hơi ẩm lâu ngày tụ lại trong bình hoa sẽ làm hoa oải hương bị ẩm và sinh mốc.</p>
<p>2. Không cắm hoa vào các giỏ hoa mây, tre để không khí ẩm không tụ lại bên trong.</p>
<p>3. Không cắm hoa ở nơi có không khí ẩm như: toilet, nhà bếp, khu vực phơi đồ&#8230;</p>
<p>4. Không cắm hoa trực tiếp dưới ánh nắng mặt trời, hoặc gần nơi nhiệt độ cao vì ánh nắng sẽ làm màu của hoa nhạt dần.</p>
<p>5. Không để nước dính vào hoa.</p>
]]></content:encoded>
					
					<wfw:commentRss>https://lethiphuonglan.github.io/Bloom-flower/san-pham/bo-hoa-kho-lavender-oai-huong-co-mui-thom/feed/</wfw:commentRss>
			<slash:comments>0</slash:comments>
		
		
			</item>
		<item>
		<title>HOA THÔNG MANDALA</title>
		<link>https://lethiphuonglan.github.io/Bloom-flower/san-pham/hoa-thong-mandala/</link>
					<comments>https://lethiphuonglan.github.io/Bloom-flower/san-pham/hoa-thong-mandala/#respond</comments>
		
		<dc:creator><![CDATA[lethiphuonglan]]></dc:creator>
		<pubDate>Tue, 06 Jul 2021 19:05:24 +0000</pubDate>
				<guid isPermaLink="false">https://lethiphuonglan.github.io/Bloom-flower/?post_type=product&#038;p=259</guid>

					<description><![CDATA[✪ Chất Liệu: thông sấy khô
✪ Định lượng: 1 cành
✪ Chiều dài đầu bông nhỏ: 7cm
✪ Chiều dài cả cành: ~40cm]]></description>
										<content:encoded><![CDATA[<p>HOA THÔNG MANDALA <img src="https://s.w.org/images/core/emoji/13.0.1/72x72/1f96d.png" alt="🥭" class="wp-smiley" style="height: 1em; max-height: 1em;" />FREESHIP<img src="https://s.w.org/images/core/emoji/13.0.1/72x72/1f96d.png" alt="🥭" class="wp-smiley" style="height: 1em; max-height: 1em;" />decor trang trí Vintage, trang trí resin, handmade &#8211; Lẻ cành đẹp</p>
<p>XIN QUÝ KHÁCH VUI LÒNG ĐỌC KỸ MÔ TẢ SẢN PHẨM TRƯỚC KHI MUA!</p>
<p><img src="https://s.w.org/images/core/emoji/13.0.1/72x72/1f96d.png" alt="🥭" class="wp-smiley" style="height: 1em; max-height: 1em;" /> Mô tả sản Phẩm <img src="https://s.w.org/images/core/emoji/13.0.1/72x72/1f96d.png" alt="🥭" class="wp-smiley" style="height: 1em; max-height: 1em;" /><br />
✪ Tên: HOA THÔNG MANDALA<br />
✪ Màu sắc: bấm phân loại sp để chọn màu<br />
✪ Chất Liệu: thông sấy khô<br />
✪ Định lượng: 1 cành<br />
✪ Chiều dài đầu bông nhỏ: 7cm<br />
✪ Chiều dài cả cành: ~40cm<br />
Hoa dạng cánh rời, kích thước đường kính khoảng 7 cm, để bảo vệ đầu hoa, tớ xin phép trụ và đầu hoa được vận chuyển riêng, bạn có thể cắm hoa sau khi nhận hàng. Chiều dài mặc định là 40 cm hoặc có thể cắt ngắn đi nếu bạn thích.</p>
<p>Tớ yêu thích hoa nên chỉ nhập hàng loại 1 mà tớ thấy đẹp nhất, coi bán hàng là đam mê nên giá luôn tốt và rẻ nha^^<br />
Các nàng mua hoa nhà tớ luôn được tặng thêm hoa, đóng gói hộp giấy cẩn thận ạ<br />
Nếu bạn nào mua làm quà tặng có thể nhắn shop cột thêm ruy băng cho xinh nè ^^<br />
Hàng nhà mình đều có sẵn, nên các cậu cứ thế cho vào giỏ hàng và thanh toán thôi nhé.</p>
<p><img src="https://s.w.org/images/core/emoji/13.0.1/72x72/1f341.png" alt="🍁" class="wp-smiley" style="height: 1em; max-height: 1em;" /><img src="https://s.w.org/images/core/emoji/13.0.1/72x72/1f341.png" alt="🍁" class="wp-smiley" style="height: 1em; max-height: 1em;" />QUYỀN LỢI KHÁCH HÀNG<img src="https://s.w.org/images/core/emoji/13.0.1/72x72/1f341.png" alt="🍁" class="wp-smiley" style="height: 1em; max-height: 1em;" /><img src="https://s.w.org/images/core/emoji/13.0.1/72x72/1f341.png" alt="🍁" class="wp-smiley" style="height: 1em; max-height: 1em;" /><br />
<img src="https://s.w.org/images/core/emoji/13.0.1/72x72/2714.png" alt="✔" class="wp-smiley" style="height: 1em; max-height: 1em;" /> Trường hợp sản phẩm không đúng như mô tả, sai sp, sai số lượng, hàng lỗi, hàng hư trong quá trình vận chuyển,&#8230; Inbox ngay cho shop để tớ hướng dẫn trả hàng, hoàn tiền một cách nhanh chóng nhất.<br />
<img src="https://s.w.org/images/core/emoji/13.0.1/72x72/2714.png" alt="✔" class="wp-smiley" style="height: 1em; max-height: 1em;" /> Dành tặng Voucher giảm 10% cho KH đánh giá 5* đính kèm hình ảnh sản phẩm ạ.</p>
<p><img src="https://s.w.org/images/core/emoji/13.0.1/72x72/1f341.png" alt="🍁" class="wp-smiley" style="height: 1em; max-height: 1em;" /><img src="https://s.w.org/images/core/emoji/13.0.1/72x72/1f341.png" alt="🍁" class="wp-smiley" style="height: 1em; max-height: 1em;" />LƯU Ý SỬ DỤNG<img src="https://s.w.org/images/core/emoji/13.0.1/72x72/1f341.png" alt="🍁" class="wp-smiley" style="height: 1em; max-height: 1em;" /><img src="https://s.w.org/images/core/emoji/13.0.1/72x72/1f341.png" alt="🍁" class="wp-smiley" style="height: 1em; max-height: 1em;" /><br />
✪ Cách bảo quản hoa: không để hoa ẩm (ko tưới nước, để nơi khô thoáng), không phơi dưới ánh nắng gắt trực tiếp, hạn chế sờ miết hoa.<br />
✪ Dịu dàng với hoa nhé các cậu.<br />
✪ Màu sắc hình ảnh có thể đậm hoặc nhạt hơn màu thực tế do chế độ hiển thị trên mỗi thiết bị khác nhau.</p>
]]></content:encoded>
					
					<wfw:commentRss>https://lethiphuonglan.github.io/Bloom-flower/san-pham/hoa-thong-mandala/feed/</wfw:commentRss>
			<slash:comments>0</slash:comments>
		
		
			</item>
	</channel>
</rss>
