<?xml version="1.0" encoding="UTF-8"?><rss version="2.0"
	xmlns:content="http://purl.org/rss/1.0/modules/content/"
	xmlns:wfw="http://wellformedweb.org/CommentAPI/"
	xmlns:dc="http://purl.org/dc/elements/1.1/"
	xmlns:atom="http://www.w3.org/2005/Atom"
	xmlns:sy="http://purl.org/rss/1.0/modules/syndication/"
	xmlns:slash="http://purl.org/rss/1.0/modules/slash/"
	>

<channel>
	<title>mandala &#8211; Bloom Flower</title>
	<atom:link href="http://localhost/myproject/wordpress/tu-khoa-san-pham/mandala/feed/" rel="self" type="application/rss+xml" />
	<link>https://lethiphuonglan.github.io/Bloom-flower</link>
	<description>Let flowers speak for you!</description>
	<lastBuildDate>Tue, 06 Jul 2021 19:05:25 +0000</lastBuildDate>
	<language>vi</language>
	<sy:updatePeriod>
	hourly	</sy:updatePeriod>
	<sy:updateFrequency>
	1	</sy:updateFrequency>
	<generator>https://wordpress.org/?v=5.7.2</generator>

<image>
	<url>https://lethiphuonglan.github.io/Bloom-flower/wp-content/uploads/2021/07/cropped-c1ccc56ac57d55e50ef33edf2eae586e-1-32x32.jpeg</url>
	<title>mandala &#8211; Bloom Flower</title>
	<link>https://lethiphuonglan.github.io/Bloom-flower</link>
	<width>32</width>
	<height>32</height>
</image> 
	<item>
		<title>HOA THÔNG MANDALA</title>
		<link>https://lethiphuonglan.github.io/Bloom-flower/san-pham/hoa-thong-mandala/</link>
					<comments>https://lethiphuonglan.github.io/Bloom-flower/san-pham/hoa-thong-mandala/#respond</comments>
		
		<dc:creator><![CDATA[lethiphuonglan]]></dc:creator>
		<pubDate>Tue, 06 Jul 2021 19:05:24 +0000</pubDate>
				<guid isPermaLink="false">https://lethiphuonglan.github.io/Bloom-flower/?post_type=product&#038;p=259</guid>

					<description><![CDATA[✪ Chất Liệu: thông sấy khô
✪ Định lượng: 1 cành
✪ Chiều dài đầu bông nhỏ: 7cm
✪ Chiều dài cả cành: ~40cm]]></description>
										<content:encoded><![CDATA[<p>HOA THÔNG MANDALA <img src="https://s.w.org/images/core/emoji/13.0.1/72x72/1f96d.png" alt="🥭" class="wp-smiley" style="height: 1em; max-height: 1em;" />FREESHIP<img src="https://s.w.org/images/core/emoji/13.0.1/72x72/1f96d.png" alt="🥭" class="wp-smiley" style="height: 1em; max-height: 1em;" />decor trang trí Vintage, trang trí resin, handmade &#8211; Lẻ cành đẹp</p>
<p>XIN QUÝ KHÁCH VUI LÒNG ĐỌC KỸ MÔ TẢ SẢN PHẨM TRƯỚC KHI MUA!</p>
<p><img src="https://s.w.org/images/core/emoji/13.0.1/72x72/1f96d.png" alt="🥭" class="wp-smiley" style="height: 1em; max-height: 1em;" /> Mô tả sản Phẩm <img src="https://s.w.org/images/core/emoji/13.0.1/72x72/1f96d.png" alt="🥭" class="wp-smiley" style="height: 1em; max-height: 1em;" /><br />
✪ Tên: HOA THÔNG MANDALA<br />
✪ Màu sắc: bấm phân loại sp để chọn màu<br />
✪ Chất Liệu: thông sấy khô<br />
✪ Định lượng: 1 cành<br />
✪ Chiều dài đầu bông nhỏ: 7cm<br />
✪ Chiều dài cả cành: ~40cm<br />
Hoa dạng cánh rời, kích thước đường kính khoảng 7 cm, để bảo vệ đầu hoa, tớ xin phép trụ và đầu hoa được vận chuyển riêng, bạn có thể cắm hoa sau khi nhận hàng. Chiều dài mặc định là 40 cm hoặc có thể cắt ngắn đi nếu bạn thích.</p>
<p>Tớ yêu thích hoa nên chỉ nhập hàng loại 1 mà tớ thấy đẹp nhất, coi bán hàng là đam mê nên giá luôn tốt và rẻ nha^^<br />
Các nàng mua hoa nhà tớ luôn được tặng thêm hoa, đóng gói hộp giấy cẩn thận ạ<br />
Nếu bạn nào mua làm quà tặng có thể nhắn shop cột thêm ruy băng cho xinh nè ^^<br />
Hàng nhà mình đều có sẵn, nên các cậu cứ thế cho vào giỏ hàng và thanh toán thôi nhé.</p>
<p><img src="https://s.w.org/images/core/emoji/13.0.1/72x72/1f341.png" alt="🍁" class="wp-smiley" style="height: 1em; max-height: 1em;" /><img src="https://s.w.org/images/core/emoji/13.0.1/72x72/1f341.png" alt="🍁" class="wp-smiley" style="height: 1em; max-height: 1em;" />QUYỀN LỢI KHÁCH HÀNG<img src="https://s.w.org/images/core/emoji/13.0.1/72x72/1f341.png" alt="🍁" class="wp-smiley" style="height: 1em; max-height: 1em;" /><img src="https://s.w.org/images/core/emoji/13.0.1/72x72/1f341.png" alt="🍁" class="wp-smiley" style="height: 1em; max-height: 1em;" /><br />
<img src="https://s.w.org/images/core/emoji/13.0.1/72x72/2714.png" alt="✔" class="wp-smiley" style="height: 1em; max-height: 1em;" /> Trường hợp sản phẩm không đúng như mô tả, sai sp, sai số lượng, hàng lỗi, hàng hư trong quá trình vận chuyển,&#8230; Inbox ngay cho shop để tớ hướng dẫn trả hàng, hoàn tiền một cách nhanh chóng nhất.<br />
<img src="https://s.w.org/images/core/emoji/13.0.1/72x72/2714.png" alt="✔" class="wp-smiley" style="height: 1em; max-height: 1em;" /> Dành tặng Voucher giảm 10% cho KH đánh giá 5* đính kèm hình ảnh sản phẩm ạ.</p>
<p><img src="https://s.w.org/images/core/emoji/13.0.1/72x72/1f341.png" alt="🍁" class="wp-smiley" style="height: 1em; max-height: 1em;" /><img src="https://s.w.org/images/core/emoji/13.0.1/72x72/1f341.png" alt="🍁" class="wp-smiley" style="height: 1em; max-height: 1em;" />LƯU Ý SỬ DỤNG<img src="https://s.w.org/images/core/emoji/13.0.1/72x72/1f341.png" alt="🍁" class="wp-smiley" style="height: 1em; max-height: 1em;" /><img src="https://s.w.org/images/core/emoji/13.0.1/72x72/1f341.png" alt="🍁" class="wp-smiley" style="height: 1em; max-height: 1em;" /><br />
✪ Cách bảo quản hoa: không để hoa ẩm (ko tưới nước, để nơi khô thoáng), không phơi dưới ánh nắng gắt trực tiếp, hạn chế sờ miết hoa.<br />
✪ Dịu dàng với hoa nhé các cậu.<br />
✪ Màu sắc hình ảnh có thể đậm hoặc nhạt hơn màu thực tế do chế độ hiển thị trên mỗi thiết bị khác nhau.</p>
]]></content:encoded>
					
					<wfw:commentRss>https://lethiphuonglan.github.io/Bloom-flower/san-pham/hoa-thong-mandala/feed/</wfw:commentRss>
			<slash:comments>0</slash:comments>
		
		
			</item>
	</channel>
</rss>
