<?xml version="1.0" encoding="UTF-8"?><rss version="2.0"
	xmlns:content="http://purl.org/rss/1.0/modules/content/"
	xmlns:wfw="http://wellformedweb.org/CommentAPI/"
	xmlns:dc="http://purl.org/dc/elements/1.1/"
	xmlns:atom="http://www.w3.org/2005/Atom"
	xmlns:sy="http://purl.org/rss/1.0/modules/syndication/"
	xmlns:slash="http://purl.org/rss/1.0/modules/slash/"
	>

<channel>
	<title>hoa baby &#8211; Bloom Flower</title>
	<atom:link href="http://localhost/myproject/wordpress/tu-khoa-san-pham/hoa-baby/feed/" rel="self" type="application/rss+xml" />
	<link>https://lethiphuonglan.github.io/Bloom-flower</link>
	<description>Let flowers speak for you!</description>
	<lastBuildDate>Wed, 07 Jul 2021 15:37:50 +0000</lastBuildDate>
	<language>vi</language>
	<sy:updatePeriod>
	hourly	</sy:updatePeriod>
	<sy:updateFrequency>
	1	</sy:updateFrequency>
	<generator>https://wordpress.org/?v=5.7.2</generator>

<image>
	<url>https://lethiphuonglan.github.io/Bloom-flower/wp-content/uploads/2021/07/cropped-c1ccc56ac57d55e50ef33edf2eae586e-1-32x32.jpeg</url>
	<title>hoa baby &#8211; Bloom Flower</title>
	<link>https://lethiphuonglan.github.io/Bloom-flower</link>
	<width>32</width>
	<height>32</height>
</image> 
	<item>
		<title>Lọ hoa cô gái &#8211; Mẫu mới</title>
		<link>https://lethiphuonglan.github.io/Bloom-flower/san-pham/lo-hoa-co-gai-mau-moi/</link>
					<comments>https://lethiphuonglan.github.io/Bloom-flower/san-pham/lo-hoa-co-gai-mau-moi/#respond</comments>
		
		<dc:creator><![CDATA[lethiphuonglan]]></dc:creator>
		<pubDate>Wed, 07 Jul 2021 14:58:31 +0000</pubDate>
				<guid isPermaLink="false">https://lethiphuonglan.github.io/Bloom-flower/?post_type=product&#038;p=445</guid>

					<description><![CDATA[<ul>
 	<li>Sản phẩm làm từ gốm, sứ cao cấp</li>
 	<li>Sản phẩm như hình.</li>
</ul>]]></description>
										<content:encoded><![CDATA[<ul>
 	<li>Sản phẩm làm từ gốm, sứ cao cấp</li>
 	<li>Sản phẩm như hình.</li>
</ul>]]></content:encoded>
					
					<wfw:commentRss>https://lethiphuonglan.github.io/Bloom-flower/san-pham/lo-hoa-co-gai-mau-moi/feed/</wfw:commentRss>
			<slash:comments>0</slash:comments>
		
		
			</item>
		<item>
		<title>Chất liệu gốm, sứ</title>
		<link>https://lethiphuonglan.github.io/Bloom-flower/san-pham/chat-lieu-gom-su/</link>
					<comments>https://lethiphuonglan.github.io/Bloom-flower/san-pham/chat-lieu-gom-su/#respond</comments>
		
		<dc:creator><![CDATA[lethiphuonglan]]></dc:creator>
		<pubDate>Wed, 07 Jul 2021 14:41:07 +0000</pubDate>
				<guid isPermaLink="false">https://lethiphuonglan.github.io/Bloom-flower/?post_type=product&#038;p=415</guid>

					<description><![CDATA[<ul>
 	<li>Sản phẩm thủ công từ gốm sứ cao cấp</li>
 	<li>Sản phẩm i hình.</li>
</ul>]]></description>
										<content:encoded><![CDATA[<ul>
 	<li>Sản phẩm thủ công từ gốm sứ cao cấp</li>
 	<li>Sản phẩm i hình.</li>
</ul>]]></content:encoded>
					
					<wfw:commentRss>https://lethiphuonglan.github.io/Bloom-flower/san-pham/chat-lieu-gom-su/feed/</wfw:commentRss>
			<slash:comments>0</slash:comments>
		
		
			</item>
		<item>
		<title>Những bó hoa vintage mà vẫn sang trọng</title>
		<link>https://lethiphuonglan.github.io/Bloom-flower/san-pham/nhung-bo-hoa-vintage-ma-van-sang-trong-3/</link>
					<comments>https://lethiphuonglan.github.io/Bloom-flower/san-pham/nhung-bo-hoa-vintage-ma-van-sang-trong-3/#respond</comments>
		
		<dc:creator><![CDATA[lethiphuonglan]]></dc:creator>
		<pubDate>Wed, 07 Jul 2021 14:22:37 +0000</pubDate>
				<guid isPermaLink="false">https://lethiphuonglan.github.io/Bloom-flower/?post_type=product&#038;p=397</guid>

					<description><![CDATA[<ul>
 	<li>Sản phẩm như hình</li>
 	<li>Có thể thay đổi màu giấy gói và phụ kiện, vui lòng chọn danh mục lọ hoa, phụ kiện.</li>
</ul>]]></description>
										<content:encoded><![CDATA[<ul>
 	<li>Sản phẩm như hình</li>
 	<li>Có thể thay đổi màu giấy gói và phụ kiện, vui lòng chọn danh mục lọ hoa, phụ kiện.</li>
</ul>]]></content:encoded>
					
					<wfw:commentRss>https://lethiphuonglan.github.io/Bloom-flower/san-pham/nhung-bo-hoa-vintage-ma-van-sang-trong-3/feed/</wfw:commentRss>
			<slash:comments>0</slash:comments>
		
		
			</item>
		<item>
		<title>Cỏ đuôi thỏ Lagurus xuất xứ Nhật/Mỹ</title>
		<link>https://lethiphuonglan.github.io/Bloom-flower/san-pham/co-duoi-tho-lagurus-xuat-xu-nhat-my/</link>
					<comments>https://lethiphuonglan.github.io/Bloom-flower/san-pham/co-duoi-tho-lagurus-xuat-xu-nhat-my/#respond</comments>
		
		<dc:creator><![CDATA[lethiphuonglan]]></dc:creator>
		<pubDate>Tue, 06 Jul 2021 18:21:23 +0000</pubDate>
				<guid isPermaLink="false">https://lethiphuonglan.github.io/Bloom-flower/?post_type=product&#038;p=214</guid>

					<description><![CDATA[✪ Đầu bông Mỹ và Italy 1,5-3cm.

✪ Đầu bông Nhật: 1-2cm.

✪ Chiều dài: nhiều kích cỡ.]]></description>
										<content:encoded><![CDATA[<p>♛♛ Đuôi thỏ nhập khẩu Nhật/Mỹ chính ngạch (HÀNG HIẾM) ♛♛</p>
<p>Lưu ý: Quý khách vui lòng đọc kỹ mô tả trước khi mua hàng giúp tớ với, nhiều cậu bảo đuôi nhỏ mà tớ không biết phải trả lời như nào :((( đuôi thỏ Mỹ thì nó be bé vừa phải nhìn siêu sang, đâu phải cái gì to đùng là đẹp đâu ạ (ảnh 3,4). Các cậu thích đuôi to thì tìm hàng Trung Quốc đi ạ, bán đầy luôn :((( đuôi vừa to vừa dài trông cực thô, tiền nào của đó, tớ theo đuổi phong cách và vẻ đẹp vintage sang trọng cổ điển nên cái gì thanh sang thì tớ chọn. Tớ xin cảm ơn ạ :'(<br />
Các cậu cắm cành cao cành thấp đẹp lắm nha!</p>
<p>Đây không phải đuôi thỏ Trung Quốc tràn lan trên thị trường nên mn lưu ý phân biệt giúp tớ nha T o T. Các cậu đã mua hoa Trung đảm bảo mua 1 bó bông thì vứt hết nửa ý, đuôi Trung siêu dễ rụng, tưa, màu sắc kém sang&#8230; :'(</p>
<p>Hoa bên tớ bán cho khách toàn được tớ tuyển chọn lựa từng cọng luôn ạ :(( Các cậu yên tâm nhé!</p>
<p>LƯU Ý: Loại của Nhật nó khác ở chỗ đuôi ngắn và mini hơn nữa<br />
✪ Chiều dài đầu bông Nhật: 1-2cm<br />
Hàng Nhật hiếm lắm tớ đang hết.</p>
]]></content:encoded>
					
					<wfw:commentRss>https://lethiphuonglan.github.io/Bloom-flower/san-pham/co-duoi-tho-lagurus-xuat-xu-nhat-my/feed/</wfw:commentRss>
			<slash:comments>0</slash:comments>
		
		
			</item>
		<item>
		<title>Hoa khô Kim Cương Nigella</title>
		<link>https://lethiphuonglan.github.io/Bloom-flower/san-pham/hoa-kho-kim-cuong-nigella/</link>
					<comments>https://lethiphuonglan.github.io/Bloom-flower/san-pham/hoa-kho-kim-cuong-nigella/#respond</comments>
		
		<dc:creator><![CDATA[lethiphuonglan]]></dc:creator>
		<pubDate>Tue, 06 Jul 2021 18:08:32 +0000</pubDate>
				<guid isPermaLink="false">https://lethiphuonglan.github.io/Bloom-flower/?post_type=product&#038;p=202</guid>

					<description><![CDATA[✪ Tên: Hoa Nigella / Hoa Kim Cương / Hoa ''Love in a Mist''
✪ Chất Liệu: Hoa thật sấy khô / ướp màu.
✪ Định lượng: 1 bó gồm 5 bông hoa / 10 bông hoa
✪ Màu sắc : trắng / hồng / xanh]]></description>
										<content:encoded><![CDATA[<p>Khách hàng vui lòng đọc phần mô tả sản phẩm trước khi mua nhé &lt;3</p>
<p><img src="https://s.w.org/images/core/emoji/13.0.1/72x72/1f3af.png" alt="🎯" class="wp-smiley" style="height: 1em; max-height: 1em;" /> Mô tả sản Phẩm <img src="https://s.w.org/images/core/emoji/13.0.1/72x72/1f3af.png" alt="🎯" class="wp-smiley" style="height: 1em; max-height: 1em;" /><br />
✪ Tên: Hoa Nigella / Hoa Kim Cương / Hoa &#8221;Love in a Mist&#8221;<br />
✪ Chất Liệu: Hoa thật sấy khô / ướp màu.<br />
✪ Định lượng: 1 bó gồm 5 bông hoa / 10 bông hoa<br />
✪ Màu sắc : trắng / hồng / xanh / đỏ / vàng &#8230;<br />
✪ Hoa Nigella / Hoa kim cương (Love in a Mist) có tên tiếng Italy là Nigella Damascena (tình yêu trong sương) tại Việt Nam được nhiều bạn trẻ gọi với cái tên hoa tình yêu. Hoa kim cương thuộc họ mao lương. Có nguồn gốc từ châu Âu. hoa có hình bát giác với các đường nét mạnh mẽ , kiêu hãnh như viên kim cương.<br />
Hoa mang vẻ đẹp hiện đại , góc cạnh , ấn tượng lạ mắt , hoa được nhuộm nhiều gam màu khá xinh .<br />
Hoa Nigella chưng được lâu , cành khá cứng cáp , hoa khô nhưng luôn luôn đứng dáng.</p>
<p>✪ Note: Đây là cành hoa tự nhiên được sấy khô/ ướp màu thủ công nên mỗi đợt sản phẩm có thể chênh lệch chút về màu sắc, không giống nhau hoàn toàn được ạ . do đó có thể màu sắc giữa ảnh mô tả và hàng thực tế có thể chênh lệch 1 chút , quý khách có thể chat với shop để yêu cầu xem màu sắc hiện tại trước khi đặt đơn nha</p>
]]></content:encoded>
					
					<wfw:commentRss>https://lethiphuonglan.github.io/Bloom-flower/san-pham/hoa-kho-kim-cuong-nigella/feed/</wfw:commentRss>
			<slash:comments>0</slash:comments>
		
		
			</item>
		<item>
		<title>Hoa baby khô decor</title>
		<link>https://lethiphuonglan.github.io/Bloom-flower/san-pham/hoa-baby-kho-decor/</link>
					<comments>https://lethiphuonglan.github.io/Bloom-flower/san-pham/hoa-baby-kho-decor/#respond</comments>
		
		<dc:creator><![CDATA[lethiphuonglan]]></dc:creator>
		<pubDate>Tue, 06 Jul 2021 17:46:15 +0000</pubDate>
				<guid isPermaLink="false">https://lethiphuonglan.github.io/Bloom-flower/?post_type=product&#038;p=178</guid>

					<description><![CDATA[✪ Tên: Hoa Baby Khô
✪ Màu sắc: bấm phân loại sản phẩm để chọn màu
✪ Chất Liệu: Hoa thật sấy khô
✪ Định lượng: 1 phần gồm 1 đến 5 cành, mỗi cành gồm nhiều nhánh hoa nhỏ.
✪ Chiều dài cả cành ~45cm]]></description>
										<content:encoded><![CDATA[<p>XIN QUÝ KHÁCH VUI LÒNG ĐỌC KỸ MÔ TẢ SẢN PHẨM TRƯỚC KHI MUA!<br />
<img src="https://s.w.org/images/core/emoji/13.0.1/72x72/1f338.png" alt="🌸" class="wp-smiley" style="height: 1em; max-height: 1em;" />Mô tả sản phẩm<img src="https://s.w.org/images/core/emoji/13.0.1/72x72/1f338.png" alt="🌸" class="wp-smiley" style="height: 1em; max-height: 1em;" /><br />
✪ Tên: Hoa Baby Khô<br />
✪ Màu sắc: bấm phân loại sp để chọn màu<br />
✪ Chất Liệu: Hoa thật sấy khô<br />
✪ Định lượng: 1 phần gồm 1 cành<br />
✪ Chiều dài cả cành ~45cm</p>
<p>✪ Note: Hoa mỗi đợt sẽ khác chút xíu do thổ nhưỡng và khí hậu mùa thu hoạch! Đảm bảo vẫn đẹp cho các nàng ạ.</p>
<p>➤➤PHIÊU CAM KẾT➤➤<br />
Tớ bán hàng lấy uy tín làm đầu. Cam kết ảnh sao hàng vậy. Hoa cũng có nhiều loại, hàng loại 1,2,3 và A,B,C =&gt; shop mình duy chỉ nhập hàng loại 1 và Grade A cao cấp nhất với giá cực kì ưu đãi.<br />
<img src="https://s.w.org/images/core/emoji/13.0.1/72x72/2714.png" alt="✔" class="wp-smiley" style="height: 1em; max-height: 1em;" /> Về sản phẩm: Cam kết về chất lượng, số lượng như mô tả (luôn lấy dư cho khách, KH yên tâm ạ).<br />
<img src="https://s.w.org/images/core/emoji/13.0.1/72x72/2714.png" alt="✔" class="wp-smiley" style="height: 1em; max-height: 1em;" /> Về đóng gói: Đóng thùng carton cao cấp, cứng, bảo vệ hoa tối đa, hàng nguyên vẹn khi đến tay khách.<br />
<img src="https://s.w.org/images/core/emoji/13.0.1/72x72/2714.png" alt="✔" class="wp-smiley" style="height: 1em; max-height: 1em;" /> Về dịch vụ: Mình sẽ trả lời hết những thắc mắc xoay quanh sp.<br />
<img src="https://s.w.org/images/core/emoji/13.0.1/72x72/2714.png" alt="✔" class="wp-smiley" style="height: 1em; max-height: 1em;" /> Thời gian chuẩn bị hàng: trong vòng 48h.</p>
<p>➤➤QUYỀN LỢI KHÁCH HÀNG➤➤<br />
<img src="https://s.w.org/images/core/emoji/13.0.1/72x72/2714.png" alt="✔" class="wp-smiley" style="height: 1em; max-height: 1em;" /> Trường hợp sản phẩm không đúng như mô tả, sai sp, sai số lượng, hàng lỗi, hàng hư trong quá trình vận chuyển,&#8230; Inbox ngay cho shop để tớ hướng dẫn trả hàng, hoàn tiền một cách nhanh chóng nhất.<br />
<img src="https://s.w.org/images/core/emoji/13.0.1/72x72/2714.png" alt="✔" class="wp-smiley" style="height: 1em; max-height: 1em;" /> Dành tặng Voucher giảm 10% cho KH đánh giá 5* đính kèm hình ảnh sản phẩm ạ.</p>
<p>➤➤LƯU Ý SỬ DỤNG➤➤<br />
✪ Cách bảo quản hoa: không để hoa ẩm (ko tưới nước, để nơi khô thoáng), không phơi dưới ánh nắng gắt trực tiếp, hạn chế sờ miết hoa.<br />
✪ Dịu dàng với hoa nhé các cậu.<br />
✪ Màu sắc hình ảnh có thể đậm hoặc nhạt hơn màu thực tế do chế độ hiển thị trên mỗi thiết bị khác nhau.</p>
]]></content:encoded>
					
					<wfw:commentRss>https://lethiphuonglan.github.io/Bloom-flower/san-pham/hoa-baby-kho-decor/feed/</wfw:commentRss>
			<slash:comments>0</slash:comments>
		
		
			</item>
	</channel>
</rss>
