<?xml version="1.0" encoding="UTF-8"?><rss version="2.0"
	xmlns:content="http://purl.org/rss/1.0/modules/content/"
	xmlns:wfw="http://wellformedweb.org/CommentAPI/"
	xmlns:dc="http://purl.org/dc/elements/1.1/"
	xmlns:atom="http://www.w3.org/2005/Atom"
	xmlns:sy="http://purl.org/rss/1.0/modules/syndication/"
	xmlns:slash="http://purl.org/rss/1.0/modules/slash/"
	>

<channel>
	<title>Chưa phân loại &#8211; Bloom Flower</title>
	<atom:link href="http://localhost/myproject/wordpress/danh-muc-san-pham/chua-phan-loai/feed/" rel="self" type="application/rss+xml" />
	<link>https://lethiphuonglan.github.io/Bloom-flower</link>
	<description>Let flowers speak for you!</description>
	<lastBuildDate>Wed, 07 Jul 2021 14:20:29 +0000</lastBuildDate>
	<language>vi</language>
	<sy:updatePeriod>
	hourly	</sy:updatePeriod>
	<sy:updateFrequency>
	1	</sy:updateFrequency>
	<generator>https://wordpress.org/?v=5.7.2</generator>

<image>
	<url>https://lethiphuonglan.github.io/Bloom-flower/wp-content/uploads/2021/07/cropped-c1ccc56ac57d55e50ef33edf2eae586e-1-32x32.jpeg</url>
	<title>Chưa phân loại &#8211; Bloom Flower</title>
	<link>https://lethiphuonglan.github.io/Bloom-flower</link>
	<width>32</width>
	<height>32</height>
</image> 
	<item>
		<title>Những bó hoa vintage mà vẫn sang trọng</title>
		<link>https://lethiphuonglan.github.io/Bloom-flower/san-pham/nhung-bo-hoa-vintage-ma-van-sang-trong-2/</link>
					<comments>https://lethiphuonglan.github.io/Bloom-flower/san-pham/nhung-bo-hoa-vintage-ma-van-sang-trong-2/#respond</comments>
		
		<dc:creator><![CDATA[lethiphuonglan]]></dc:creator>
		<pubDate>Wed, 07 Jul 2021 14:20:28 +0000</pubDate>
				<guid isPermaLink="false">https://lethiphuonglan.github.io/Bloom-flower/?post_type=product&#038;p=396</guid>

					<description><![CDATA[<ul>
<li>Sản phẩm như hình</li>
<li>Có thể thay đổi màu giấy gói và phụ kiện, vui lòng chọn danh mục lọ hoa, phụ kiện.</li>
</ul>
<p>Bài viết <a rel="nofollow" href="https://lethiphuonglan.github.io/Bloom-flower/san-pham/nhung-bo-hoa-vintage-ma-van-sang-trong-2/">Những bó hoa vintage mà vẫn sang trọng</a> đã xuất hiện đầu tiên vào ngày <a rel="nofollow" href="https://lethiphuonglan.github.io/Bloom-flower">Bloom Flower</a>.</p>
]]></description>
										<content:encoded><![CDATA[<p>Bài viết <a rel="nofollow" href="https://lethiphuonglan.github.io/Bloom-flower/san-pham/nhung-bo-hoa-vintage-ma-van-sang-trong-2/">Những bó hoa vintage mà vẫn sang trọng</a> đã xuất hiện đầu tiên vào ngày <a rel="nofollow" href="https://lethiphuonglan.github.io/Bloom-flower">Bloom Flower</a>.</p>
]]></content:encoded>
					
					<wfw:commentRss>https://lethiphuonglan.github.io/Bloom-flower/san-pham/nhung-bo-hoa-vintage-ma-van-sang-trong-2/feed/</wfw:commentRss>
			<slash:comments>0</slash:comments>
		
		
			</item>
	</channel>
</rss>
