<?xml version="1.0" encoding="UTF-8"?><rss version="2.0"
	xmlns:content="http://purl.org/rss/1.0/modules/content/"
	xmlns:wfw="http://wellformedweb.org/CommentAPI/"
	xmlns:dc="http://purl.org/dc/elements/1.1/"
	xmlns:atom="http://www.w3.org/2005/Atom"
	xmlns:sy="http://purl.org/rss/1.0/modules/syndication/"
	xmlns:slash="http://purl.org/rss/1.0/modules/slash/"
	>

<channel>
	<title>hoa có mùi thơm &#8211; Bloom Flower</title>
	<atom:link href="http://localhost/myproject/wordpress/tu-khoa-san-pham/hoa-co-mui-thom/feed/" rel="self" type="application/rss+xml" />
	<link>https://lethiphuonglan.github.io/Bloom-flower</link>
	<description>Let flowers speak for you!</description>
	<lastBuildDate>Wed, 07 Jul 2021 18:17:30 +0000</lastBuildDate>
	<language>vi</language>
	<sy:updatePeriod>
	hourly	</sy:updatePeriod>
	<sy:updateFrequency>
	1	</sy:updateFrequency>
	<generator>https://wordpress.org/?v=5.7.2</generator>

<image>
	<url>https://lethiphuonglan.github.io/Bloom-flower/wp-content/uploads/2021/07/cropped-c1ccc56ac57d55e50ef33edf2eae586e-1-32x32.jpeg</url>
	<title>hoa có mùi thơm &#8211; Bloom Flower</title>
	<link>https://lethiphuonglan.github.io/Bloom-flower</link>
	<width>32</width>
	<height>32</height>
</image> 
	<item>
		<title>Giỏ nan trang trí phối ren</title>
		<link>https://lethiphuonglan.github.io/Bloom-flower/san-pham/gio-nan-trang-tri-phoi-ren/</link>
					<comments>https://lethiphuonglan.github.io/Bloom-flower/san-pham/gio-nan-trang-tri-phoi-ren/#respond</comments>
		
		<dc:creator><![CDATA[lethiphuonglan]]></dc:creator>
		<pubDate>Wed, 07 Jul 2021 18:17:30 +0000</pubDate>
				<guid isPermaLink="false">https://lethiphuonglan.github.io/Bloom-flower/?post_type=product&#038;p=476</guid>

					<description><![CDATA[<ul>
<li>Giỏ nan, tre làm thủ công</li>
<li>Thiết kế phù hợp cho phong cách decor vintage, thân thiện</li>
</ul>
<p>Bài viết <a rel="nofollow" href="https://lethiphuonglan.github.io/Bloom-flower/san-pham/gio-nan-trang-tri-phoi-ren/">Giỏ nan trang trí phối ren</a> đã xuất hiện đầu tiên vào ngày <a rel="nofollow" href="https://lethiphuonglan.github.io/Bloom-flower">Bloom Flower</a>.</p>
]]></description>
										<content:encoded><![CDATA[<p>Bài viết <a rel="nofollow" href="https://lethiphuonglan.github.io/Bloom-flower/san-pham/gio-nan-trang-tri-phoi-ren/">Giỏ nan trang trí phối ren</a> đã xuất hiện đầu tiên vào ngày <a rel="nofollow" href="https://lethiphuonglan.github.io/Bloom-flower">Bloom Flower</a>.</p>
]]></content:encoded>
					
					<wfw:commentRss>https://lethiphuonglan.github.io/Bloom-flower/san-pham/gio-nan-trang-tri-phoi-ren/feed/</wfw:commentRss>
			<slash:comments>0</slash:comments>
		
		
			</item>
		<item>
		<title>Giỏ nan, tre</title>
		<link>https://lethiphuonglan.github.io/Bloom-flower/san-pham/gio-nan-tre/</link>
					<comments>https://lethiphuonglan.github.io/Bloom-flower/san-pham/gio-nan-tre/#respond</comments>
		
		<dc:creator><![CDATA[lethiphuonglan]]></dc:creator>
		<pubDate>Wed, 07 Jul 2021 18:15:06 +0000</pubDate>
				<guid isPermaLink="false">https://lethiphuonglan.github.io/Bloom-flower/?post_type=product&#038;p=474</guid>

					<description><![CDATA[<ul>
<li>Giỏ nan, tre làm thủ công</li>
<li>Thiết kế phù hợp cho phong cách decor vintage, thân thiện</li>
</ul>
<p>Bài viết <a rel="nofollow" href="https://lethiphuonglan.github.io/Bloom-flower/san-pham/gio-nan-tre/">Giỏ nan, tre</a> đã xuất hiện đầu tiên vào ngày <a rel="nofollow" href="https://lethiphuonglan.github.io/Bloom-flower">Bloom Flower</a>.</p>
]]></description>
										<content:encoded><![CDATA[<p>Bài viết <a rel="nofollow" href="https://lethiphuonglan.github.io/Bloom-flower/san-pham/gio-nan-tre/">Giỏ nan, tre</a> đã xuất hiện đầu tiên vào ngày <a rel="nofollow" href="https://lethiphuonglan.github.io/Bloom-flower">Bloom Flower</a>.</p>
]]></content:encoded>
					
					<wfw:commentRss>https://lethiphuonglan.github.io/Bloom-flower/san-pham/gio-nan-tre/feed/</wfw:commentRss>
			<slash:comments>0</slash:comments>
		
		
			</item>
		<item>
		<title>Giỏ hoa decor</title>
		<link>https://lethiphuonglan.github.io/Bloom-flower/san-pham/gio-hoa-decor/</link>
					<comments>https://lethiphuonglan.github.io/Bloom-flower/san-pham/gio-hoa-decor/#respond</comments>
		
		<dc:creator><![CDATA[lethiphuonglan]]></dc:creator>
		<pubDate>Wed, 07 Jul 2021 17:55:20 +0000</pubDate>
				<guid isPermaLink="false">https://lethiphuonglan.github.io/Bloom-flower/?post_type=product&#038;p=458</guid>

					<description><![CDATA[<ul>
<li>Sản phẩm như hình</li>
<li>Có bao gồm giỏ hoa</li>
</ul>
<p>Bài viết <a rel="nofollow" href="https://lethiphuonglan.github.io/Bloom-flower/san-pham/gio-hoa-decor/">Giỏ hoa decor</a> đã xuất hiện đầu tiên vào ngày <a rel="nofollow" href="https://lethiphuonglan.github.io/Bloom-flower">Bloom Flower</a>.</p>
]]></description>
										<content:encoded><![CDATA[<p>Bài viết <a rel="nofollow" href="https://lethiphuonglan.github.io/Bloom-flower/san-pham/gio-hoa-decor/">Giỏ hoa decor</a> đã xuất hiện đầu tiên vào ngày <a rel="nofollow" href="https://lethiphuonglan.github.io/Bloom-flower">Bloom Flower</a>.</p>
]]></content:encoded>
					
					<wfw:commentRss>https://lethiphuonglan.github.io/Bloom-flower/san-pham/gio-hoa-decor/feed/</wfw:commentRss>
			<slash:comments>0</slash:comments>
		
		
			</item>
		<item>
		<title>Lọ hoa cô gái &#8211; Mẫu mới</title>
		<link>https://lethiphuonglan.github.io/Bloom-flower/san-pham/lo-hoa-co-gai-mau-moi/</link>
					<comments>https://lethiphuonglan.github.io/Bloom-flower/san-pham/lo-hoa-co-gai-mau-moi/#respond</comments>
		
		<dc:creator><![CDATA[lethiphuonglan]]></dc:creator>
		<pubDate>Wed, 07 Jul 2021 14:58:31 +0000</pubDate>
				<guid isPermaLink="false">https://lethiphuonglan.github.io/Bloom-flower/?post_type=product&#038;p=445</guid>

					<description><![CDATA[<ul>
<li>Sản phẩm làm từ gốm, sứ cao cấp</li>
<li>Sản phẩm như hình.</li>
</ul>
<p>Bài viết <a rel="nofollow" href="https://lethiphuonglan.github.io/Bloom-flower/san-pham/lo-hoa-co-gai-mau-moi/">Lọ hoa cô gái &#8211; Mẫu mới</a> đã xuất hiện đầu tiên vào ngày <a rel="nofollow" href="https://lethiphuonglan.github.io/Bloom-flower">Bloom Flower</a>.</p>
]]></description>
										<content:encoded><![CDATA[<p>Bài viết <a rel="nofollow" href="https://lethiphuonglan.github.io/Bloom-flower/san-pham/lo-hoa-co-gai-mau-moi/">Lọ hoa cô gái &#8211; Mẫu mới</a> đã xuất hiện đầu tiên vào ngày <a rel="nofollow" href="https://lethiphuonglan.github.io/Bloom-flower">Bloom Flower</a>.</p>
]]></content:encoded>
					
					<wfw:commentRss>https://lethiphuonglan.github.io/Bloom-flower/san-pham/lo-hoa-co-gai-mau-moi/feed/</wfw:commentRss>
			<slash:comments>0</slash:comments>
		
		
			</item>
		<item>
		<title>Lọ hoa cô gái</title>
		<link>https://lethiphuonglan.github.io/Bloom-flower/san-pham/lo-hoa-co-gai/</link>
					<comments>https://lethiphuonglan.github.io/Bloom-flower/san-pham/lo-hoa-co-gai/#respond</comments>
		
		<dc:creator><![CDATA[lethiphuonglan]]></dc:creator>
		<pubDate>Wed, 07 Jul 2021 14:56:57 +0000</pubDate>
				<guid isPermaLink="false">https://lethiphuonglan.github.io/Bloom-flower/?post_type=product&#038;p=442</guid>

					<description><![CDATA[<ul>
<li>Sản phẩm làm từ gốm, sứ cao cấp</li>
<li>Sản phẩm như hình.</li>
</ul>
<p>Bài viết <a rel="nofollow" href="https://lethiphuonglan.github.io/Bloom-flower/san-pham/lo-hoa-co-gai/">Lọ hoa cô gái</a> đã xuất hiện đầu tiên vào ngày <a rel="nofollow" href="https://lethiphuonglan.github.io/Bloom-flower">Bloom Flower</a>.</p>
]]></description>
										<content:encoded><![CDATA[<p>Bài viết <a rel="nofollow" href="https://lethiphuonglan.github.io/Bloom-flower/san-pham/lo-hoa-co-gai/">Lọ hoa cô gái</a> đã xuất hiện đầu tiên vào ngày <a rel="nofollow" href="https://lethiphuonglan.github.io/Bloom-flower">Bloom Flower</a>.</p>
]]></content:encoded>
					
					<wfw:commentRss>https://lethiphuonglan.github.io/Bloom-flower/san-pham/lo-hoa-co-gai/feed/</wfw:commentRss>
			<slash:comments>0</slash:comments>
		
		
			</item>
		<item>
		<title>Những bó hoa vintage mà vẫn sang trọng</title>
		<link>https://lethiphuonglan.github.io/Bloom-flower/san-pham/nhung-bo-hoa-vintage-ma-van-sang-trong-3/</link>
					<comments>https://lethiphuonglan.github.io/Bloom-flower/san-pham/nhung-bo-hoa-vintage-ma-van-sang-trong-3/#respond</comments>
		
		<dc:creator><![CDATA[lethiphuonglan]]></dc:creator>
		<pubDate>Wed, 07 Jul 2021 14:22:37 +0000</pubDate>
				<guid isPermaLink="false">https://lethiphuonglan.github.io/Bloom-flower/?post_type=product&#038;p=397</guid>

					<description><![CDATA[<ul>
<li>Sản phẩm như hình</li>
<li>Có thể thay đổi màu giấy gói và phụ kiện, vui lòng chọn danh mục lọ hoa, phụ kiện.</li>
</ul>
<p>Bài viết <a rel="nofollow" href="https://lethiphuonglan.github.io/Bloom-flower/san-pham/nhung-bo-hoa-vintage-ma-van-sang-trong-3/">Những bó hoa vintage mà vẫn sang trọng</a> đã xuất hiện đầu tiên vào ngày <a rel="nofollow" href="https://lethiphuonglan.github.io/Bloom-flower">Bloom Flower</a>.</p>
]]></description>
										<content:encoded><![CDATA[<p>Bài viết <a rel="nofollow" href="https://lethiphuonglan.github.io/Bloom-flower/san-pham/nhung-bo-hoa-vintage-ma-van-sang-trong-3/">Những bó hoa vintage mà vẫn sang trọng</a> đã xuất hiện đầu tiên vào ngày <a rel="nofollow" href="https://lethiphuonglan.github.io/Bloom-flower">Bloom Flower</a>.</p>
]]></content:encoded>
					
					<wfw:commentRss>https://lethiphuonglan.github.io/Bloom-flower/san-pham/nhung-bo-hoa-vintage-ma-van-sang-trong-3/feed/</wfw:commentRss>
			<slash:comments>0</slash:comments>
		
		
			</item>
		<item>
		<title>Những bó hoa vintage mà vẫn sang trọng</title>
		<link>https://lethiphuonglan.github.io/Bloom-flower/san-pham/nhung-bo-hoa-vintage-ma-van-sang-trong-2/</link>
					<comments>https://lethiphuonglan.github.io/Bloom-flower/san-pham/nhung-bo-hoa-vintage-ma-van-sang-trong-2/#respond</comments>
		
		<dc:creator><![CDATA[lethiphuonglan]]></dc:creator>
		<pubDate>Wed, 07 Jul 2021 14:20:28 +0000</pubDate>
				<guid isPermaLink="false">https://lethiphuonglan.github.io/Bloom-flower/?post_type=product&#038;p=396</guid>

					<description><![CDATA[<ul>
<li>Sản phẩm như hình</li>
<li>Có thể thay đổi màu giấy gói và phụ kiện, vui lòng chọn danh mục lọ hoa, phụ kiện.</li>
</ul>
<p>Bài viết <a rel="nofollow" href="https://lethiphuonglan.github.io/Bloom-flower/san-pham/nhung-bo-hoa-vintage-ma-van-sang-trong-2/">Những bó hoa vintage mà vẫn sang trọng</a> đã xuất hiện đầu tiên vào ngày <a rel="nofollow" href="https://lethiphuonglan.github.io/Bloom-flower">Bloom Flower</a>.</p>
]]></description>
										<content:encoded><![CDATA[<p>Bài viết <a rel="nofollow" href="https://lethiphuonglan.github.io/Bloom-flower/san-pham/nhung-bo-hoa-vintage-ma-van-sang-trong-2/">Những bó hoa vintage mà vẫn sang trọng</a> đã xuất hiện đầu tiên vào ngày <a rel="nofollow" href="https://lethiphuonglan.github.io/Bloom-flower">Bloom Flower</a>.</p>
]]></content:encoded>
					
					<wfw:commentRss>https://lethiphuonglan.github.io/Bloom-flower/san-pham/nhung-bo-hoa-vintage-ma-van-sang-trong-2/feed/</wfw:commentRss>
			<slash:comments>0</slash:comments>
		
		
			</item>
		<item>
		<title>Những bó hoa vintage mà vẫn sang trọng</title>
		<link>https://lethiphuonglan.github.io/Bloom-flower/san-pham/nhung-bo-hoa-vintage-ma-van-sang-trong/</link>
					<comments>https://lethiphuonglan.github.io/Bloom-flower/san-pham/nhung-bo-hoa-vintage-ma-van-sang-trong/#respond</comments>
		
		<dc:creator><![CDATA[lethiphuonglan]]></dc:creator>
		<pubDate>Wed, 07 Jul 2021 14:17:35 +0000</pubDate>
				<guid isPermaLink="false">https://lethiphuonglan.github.io/Bloom-flower/?post_type=product&#038;p=394</guid>

					<description><![CDATA[<ul>
<li>Sản phẩm như hình</li>
<li>Có thể thay đổi màu giấy gói và phụ kiện, vui lòng chọn danh mục lọ hoa, phụ kiện.</li>
</ul>
<p>Bài viết <a rel="nofollow" href="https://lethiphuonglan.github.io/Bloom-flower/san-pham/nhung-bo-hoa-vintage-ma-van-sang-trong/">Những bó hoa vintage mà vẫn sang trọng</a> đã xuất hiện đầu tiên vào ngày <a rel="nofollow" href="https://lethiphuonglan.github.io/Bloom-flower">Bloom Flower</a>.</p>
]]></description>
										<content:encoded><![CDATA[<p>Bài viết <a rel="nofollow" href="https://lethiphuonglan.github.io/Bloom-flower/san-pham/nhung-bo-hoa-vintage-ma-van-sang-trong/">Những bó hoa vintage mà vẫn sang trọng</a> đã xuất hiện đầu tiên vào ngày <a rel="nofollow" href="https://lethiphuonglan.github.io/Bloom-flower">Bloom Flower</a>.</p>
]]></content:encoded>
					
					<wfw:commentRss>https://lethiphuonglan.github.io/Bloom-flower/san-pham/nhung-bo-hoa-vintage-ma-van-sang-trong/feed/</wfw:commentRss>
			<slash:comments>0</slash:comments>
		
		
			</item>
		<item>
		<title>Bó hoa khô lavender oải hương CÓ MÙI THƠM</title>
		<link>https://lethiphuonglan.github.io/Bloom-flower/san-pham/bo-hoa-kho-lavender-oai-huong-co-mui-thom/</link>
					<comments>https://lethiphuonglan.github.io/Bloom-flower/san-pham/bo-hoa-kho-lavender-oai-huong-co-mui-thom/#respond</comments>
		
		<dc:creator><![CDATA[lethiphuonglan]]></dc:creator>
		<pubDate>Tue, 06 Jul 2021 19:12:46 +0000</pubDate>
				<guid isPermaLink="false">https://lethiphuonglan.github.io/Bloom-flower/?post_type=product&#038;p=268</guid>

					<description><![CDATA[<ul>
<li>Kích thước: chiều dài cành 38-45cm</li>
<li>Bó 100/200/300 cành.</li>
<li>Có mùi thơm.</li>
</ul>
<p>Bài viết <a rel="nofollow" href="https://lethiphuonglan.github.io/Bloom-flower/san-pham/bo-hoa-kho-lavender-oai-huong-co-mui-thom/">Bó hoa khô lavender oải hương CÓ MÙI THƠM</a> đã xuất hiện đầu tiên vào ngày <a rel="nofollow" href="https://lethiphuonglan.github.io/Bloom-flower">Bloom Flower</a>.</p>
]]></description>
										<content:encoded><![CDATA[<p>Bó hoa lavender thơm ngát, Hoa khô oải hương trang trí bình sứ, lọ thủy tinh, thiệp giấy handmade<br />
<img src="https://s.w.org/images/core/emoji/13.0.1/72x72/2764.png" alt="❤" class="wp-smiley" style="height: 1em; max-height: 1em;" /> Kích thước: chiều dài cành 38-45cm.<br />
<img src="https://s.w.org/images/core/emoji/13.0.1/72x72/2764.png" alt="❤" class="wp-smiley" style="height: 1em; max-height: 1em;" /> Dùng để làm qùa tặng, trang trí nhà cửa, quán cafe, cắm bình hoặc làm phụ kiện trang trí chụp ảnh, decor<br />
<img src="https://s.w.org/images/core/emoji/13.0.1/72x72/2764.png" alt="❤" class="wp-smiley" style="height: 1em; max-height: 1em;" /> Hoa Oải Hương Lavender khô được dùng trang trí, tạo phong cách sang trọng và cổ điển. Đặc trưng hoa mang mùi thơm lâu dễ chịu. Để ở góc bàn làm việc giúp xả stress sau những giờ làm việc căng thẳng. Đặt trong phòng ngủ cho giấc ngủ sâu.<br />
<img src="https://s.w.org/images/core/emoji/13.0.1/72x72/2764.png" alt="❤" class="wp-smiley" style="height: 1em; max-height: 1em;" /> Hoa lavender khô còn được dùng làm quà tặng vì được tượng trưng cho sự thủy chung trong tình yêu hoặc trong tình bạn, hoa lavender thể hiện cho sự chân thành. Ngoài ra, hoa lavender còn mang ý nghĩa mang lại may mắn và bình yên.<br />
<img src="https://s.w.org/images/core/emoji/13.0.1/72x72/2764.png" alt="❤" class="wp-smiley" style="height: 1em; max-height: 1em;" /> Mùi hương của Lavender không thể lẫn với bất kỳ loài hoa nào được. Không phải là mùi thanh mát như bạc hà, không phải nồng đậm như hoa hồng mà rất huyễn hoặc mê đắm.<br />
<img src="https://s.w.org/images/core/emoji/13.0.1/72x72/2764.png" alt="❤" class="wp-smiley" style="height: 1em; max-height: 1em;" /> Những cành hoa Lavender khô có thể giữ được nhiều nhất là 5 năm nếu được giữ trong môi trường không khí tốt.<br />
LÀM SAO ĐỂ GIỮ ĐƯỢC MÙI HOA OẢI HƯƠNG ĐƯỢC LÂU DÀI:</p>
<p>1. Không cắm hoa Lavender vào các bình hoa miệng hẹp &#8211; loại bình dùng cắm hoa tươi, các bình hoa đứng hoặc cao vì hơi ẩm lâu ngày tụ lại trong bình hoa sẽ làm hoa oải hương bị ẩm và sinh mốc.</p>
<p>2. Không cắm hoa vào các giỏ hoa mây, tre để không khí ẩm không tụ lại bên trong.</p>
<p>3. Không cắm hoa ở nơi có không khí ẩm như: toilet, nhà bếp, khu vực phơi đồ&#8230;</p>
<p>4. Không cắm hoa trực tiếp dưới ánh nắng mặt trời, hoặc gần nơi nhiệt độ cao vì ánh nắng sẽ làm màu của hoa nhạt dần.</p>
<p>5. Không để nước dính vào hoa.</p>
<p>Bài viết <a rel="nofollow" href="https://lethiphuonglan.github.io/Bloom-flower/san-pham/bo-hoa-kho-lavender-oai-huong-co-mui-thom/">Bó hoa khô lavender oải hương CÓ MÙI THƠM</a> đã xuất hiện đầu tiên vào ngày <a rel="nofollow" href="https://lethiphuonglan.github.io/Bloom-flower">Bloom Flower</a>.</p>
]]></content:encoded>
					
					<wfw:commentRss>https://lethiphuonglan.github.io/Bloom-flower/san-pham/bo-hoa-kho-lavender-oai-huong-co-mui-thom/feed/</wfw:commentRss>
			<slash:comments>0</slash:comments>
		
		
			</item>
	</channel>
</rss>
