<?xml version="1.0" encoding="UTF-8"?><rss version="2.0"
	xmlns:content="http://purl.org/rss/1.0/modules/content/"
	xmlns:wfw="http://wellformedweb.org/CommentAPI/"
	xmlns:dc="http://purl.org/dc/elements/1.1/"
	xmlns:atom="http://www.w3.org/2005/Atom"
	xmlns:sy="http://purl.org/rss/1.0/modules/syndication/"
	xmlns:slash="http://purl.org/rss/1.0/modules/slash/"
	>

<channel>
	<title>lethiphuonglan &#8211; Bloom Flower</title>
	<atom:link href="http://localhost/myproject/wordpress/author/lethiphuonglan/feed/" rel="self" type="application/rss+xml" />
	<link>https://lethiphuonglan.github.io/Bloom-flower</link>
	<description>Let flowers speak for you!</description>
	<lastBuildDate>Thu, 08 Jul 2021 09:40:45 +0000</lastBuildDate>
	<language>vi</language>
	<sy:updatePeriod>
	hourly	</sy:updatePeriod>
	<sy:updateFrequency>
	1	</sy:updateFrequency>
	<generator>https://wordpress.org/?v=5.7.2</generator>

<image>
	<url>https://lethiphuonglan.github.io/Bloom-flower/wp-content/uploads/2021/07/cropped-c1ccc56ac57d55e50ef33edf2eae586e-1-32x32.jpeg</url>
	<title>lethiphuonglan &#8211; Bloom Flower</title>
	<link>https://lethiphuonglan.github.io/Bloom-flower</link>
	<width>32</width>
	<height>32</height>
</image> 
	<item>
		<title>Tặng hoa khô cho người yêu cũ có phải để dằn mặt?</title>
		<link>https://lethiphuonglan.github.io/Bloom-flower/tang-hoa-kho-cho-nguoi-yeu-cu-co-phai-de-dan-mat/</link>
					<comments>https://lethiphuonglan.github.io/Bloom-flower/tang-hoa-kho-cho-nguoi-yeu-cu-co-phai-de-dan-mat/#respond</comments>
		
		<dc:creator><![CDATA[lethiphuonglan]]></dc:creator>
		<pubDate>Thu, 08 Jul 2021 09:40:45 +0000</pubDate>
				<category><![CDATA[Kinh Nghiệm Hay]]></category>
		<guid isPermaLink="false">https://lethiphuonglan.github.io/Bloom-flower/?p=478</guid>

					<description><![CDATA[Ngay sau khi chia tay, thật ra có rất ít người có thể bình tĩnh đối diện với thực tế để làm bạn tiếp với nhau. Nhưng sau một khoảng thời gian, khi tâm trạng đã có phần lắng dịu và những tổn thương qua đi thì phần nhiều trong số họ quay lại trở [...]]]></description>
										<content:encoded><![CDATA[<div class="rankingSection articleElement articleElementText plain article-styled article-element-text">
<div class="article-element-text__plain">
<p class="article-element-text__plain-text">Ngay sau khi chia tay, thật ra có rất ít người có thể bình tĩnh đối diện với thực tế để làm bạn tiếp với nhau. Nhưng sau một khoảng thời gian, khi tâm trạng đã có phần lắng dịu và những tổn thương qua đi thì phần nhiều trong số họ quay lại trở thành bạn bè. Một là vì suy nghĩ trái đất tròn, nhất định sẽ có ngày gặp lại nhau, có thêm một người bạn vẫn hơn có thêm một kẻ thù. Hai là vì đã từng yêu nhau nên hiểu rõ đối phương, không thể làm người yêu thì cũng có thể thành tri kỉ &#8211; có thêm một người hiểu và chia sẻ với mình. Nếu đã xác định là bạn bè thì việc tặng quà ngày sinh nhật cũng không có gì là không nên, tuy nhiên vì đã từng là người yêu của nhau nên để tránh hiểu lầm cho đối phương, bạn nên lưu ý những điểm sau đây:</p>
</div>
</div>
<div class="rankingSection articleElement html style-bordered_list">
<ul>
<li style="list-style-type: none;">
<ul>
<li>Bạn có thể tặng quà cho người yêu cũ vào dịp sinh nhật hoặc những ngày lễ chung như 8/3, 20/10 nếu muốn, nhưng không nên tặng vào các ngày như Valentine 14/2, Valentine trắng 14/3 để không gây ngại ngùng cho cả hai.</li>
</ul>
</li>
</ul>
<ul>
<li style="list-style-type: none;">
<ul>
<li>Nếu bạn có một cuộc chia tay không mấy tốt đẹp và muốn tặng quà để hàn gắn mối quan hệ giữa hai người, “hóa thù thành bạn” thì bạn cần tinh tế hơn, chọn những món quà theo sở thích đối phương kèm một tấm thiệp xin lỗi. Tuy nhiên, cũng cần thận trọng và bày tỏ rõ quan điểm muốn làm bạn bè, tránh đối phương hiểu lầm là bạn muốn bắt đầu lại mối quan hệ yêu đương.</li>
</ul>
</li>
</ul>
<ul>
<li>Hãy chọn quà đơn thuần như chọn cho một người bạn, đừng gán một tình cảm đặc biệt nào đó khi chọn quà. Nói cách khác, hãy thay đổi suy nghĩ “mua quà cho người yêu cũ” thành “mua quà cho bạn”. Như vậy bạn sẽ ít băn khoăn và đắn đo hơn.</li>
</ul>
</div>
<div class="backToTop"><a href="https://bp-guide.vn/AXdnZUAh#logo" rel="nofollow">Trở về đầu trang</a></div>
<div id="article_element_6122" class="articleElement article-element-title">
<h2 class="article-element-title__orange-background">10 loại hoa nên tặng quà sinh nhật cho người yêu cũ</h2>
</div>
<div id="article_element_6123" class="articleElement article-element-title">
<h3 class="article-element-title__ocher-background">Hoa hồng vàng trong sáng như tình bạn</h3>
</div>
<div class="articleElement articleElementImage mb0">
<div class="articleInner clearfix">
<div><img loading="lazy" src="https://ds393qgzrxwzn.cloudfront.net/resize/m720x480/cat1/img/images/0/2R2K0uAzZ9.jpg" width="900" height="900" /></div>
<div class="imageVia">Nguồn <a href="https://cafehoa.com/wp-content/uploads/2019/09/bo-hoa-hong-vang.jpg" target="_blank" rel="nofollow noopener noreferrer">cafehoa.com</a></div>
</div>
</div>
<div class="rankingSection articleElement articleElementText plain article-styled article-element-text">
<div class="article-element-text__plain">
<p class="article-element-text__plain-text">Hồng Vàng là một loài hoa đại diện cho tình bạn, thể hiện sự trân trọng đối với mối quan hệ bạn bè này. Tuy rằng hai người không thể cùng nhau đi hết con đường nhưng cũng đã có những kỷ niệm đẹp về nhau trong một đoạn đường, tặng Hoa Hồng Vàng biểu thị cho việc bắt đầu một đoạn đường mới, trở thành bạn bè của nhau.</p>
<p>Với gam màu vàng tươi sáng, nhiều năng lượng, Hồng Vàng như một lời chúc người yêu cũ những điều lạc quan, vui vẻ. Bạn cũng cần lưu ý đến số lượng hoa sao cho phù hợp, nếu đã chọn Hồng Vàng thì số lượng lý tưởng là 8 hoa, như lời cảm ơn người kia đã đồng hành cùng mình trong thời gian qua. Bạn có thể mua bó Hoa Hồng Vàng tại HoaVily với giá ưu đãi 600.000 VND so với giá thị trường 720.000 VND <a class="article-styled__link" href="https://hoavily.com/bo-hoa-hong-vang-xinh-xan.html" target="_blank" rel="nofollow noreferrer noopener" data-vars-link-action="Click-Link-External" data-vars-link-category="ArticleStyled" data-vars-link-label="https://hoavily.com/bo-hoa-hong-vang-xinh-xan.html">nhấp vào đây</a>.</p>
</div>
</div>
<div id="article_element_6125" class="articleElement article-element-title">
<h3 class="article-element-title__ocher-background">Hoa hồng trắng thay một lời xin lỗi</h3>
</div>
<div class="articleElement articleElementImage mb0">
<div class="articleInner clearfix">
<div><img loading="lazy" src="https://ds393qgzrxwzn.cloudfront.net/resize/m720x480/cat1/img/images/0/JskBDAEXgs.jpg" width="800" height="800" /></div>
<div class="imageVia">Nguồn <a href="https://thegioihoahong.com/wp-content/uploads/2019/07/bo-15-hoa-hong-trang.jpg" target="_blank" rel="nofollow noopener noreferrer">thegioihoahong.com</a></div>
</div>
</div>
<div class="rankingSection articleElement articleElementText plain article-styled article-element-text">
<div class="article-element-text__plain">
<p class="article-element-text__plain-text">Nếu như hoa hồng vàng biểu thị cho một tình bạn mới thì Hoa Hồng Trắng thể hiện cho một lời xin lỗi đối với người yêu cũ. Màu trắng tinh khiết của hoa hồng thể hiện sự vô tư, không vụ lợi, vì thế, nếu bạn cảm thấy ray rứt hay muốn hàn gắn mối quan hệ không mấy tốt đẹp giữa hai bạn, tặng Hoa Hồng Trắng là một ý kiến hay.</p>
<p>Ngoài ra, sự tinh khiết của Hồng Trắng còn là một lời chúc: mong rằng người kia sẽ bỏ qua hết mọi điều không vui để có một tình yêu mới đẹp đẽ và nguyên vẹn. Bó Hoa Hồng Trắng đang được bày bán tại Hoatuoi360.vn <a class="article-styled__link" href="https://hoatuoi360.vn/bo-hoa-hong-trang-nhe-nhang-suong-khoi.html" target="_blank" rel="nofollow noreferrer noopener" data-vars-link-action="Click-Link-External" data-vars-link-category="ArticleStyled" data-vars-link-label="https://hoatuoi360.vn/bo-hoa-hong-trang-nhe-nhang-suong-khoi.html">nhấp vào đây</a> và Dalathasfarm <a class="article-styled__link" href="http://shop.dalathasfarm.com/a5/bo-hoa-tinh-yeu-bo-hong-trang-p29.html" target="_blank" rel="nofollow noreferrer noopener" data-vars-link-action="Click-Link-External" data-vars-link-category="ArticleStyled" data-vars-link-label="http://shop.dalathasfarm.com/a5/bo-hoa-tinh-yeu-bo-hong-trang-p29.html">nhấp vào đây</a> với giá từ 500.000 VND đến 550.000 VND.</p>
</div>
</div>
<div id="article_element_6127" class="articleElement article-element-title">
<h3 class="article-element-title__ocher-background">25 bông hồng đỏ thay lời chúc mừng tương lai tươi sáng</h3>
</div>
<div class="articleElement articleElementImage mb0">
<div class="articleInner clearfix">
<div><img loading="lazy" src="https://ds393qgzrxwzn.cloudfront.net/resize/m720x480/cat1/img/images/0/K6qBmlwWgw.jpg" width="600" height="600" /></div>
<div class="imageVia">Nguồn <a href="https://lioflower.com/wp-content/uploads/2020/01/a25-1.jpg" target="_blank" rel="nofollow noopener noreferrer">lioflower.com</a></div>
</div>
</div>
<div class="rankingSection articleElement articleElementText plain article-styled article-element-text">
<div class="article-element-text__plain">
<p class="article-element-text__plain-text">Màu đỏ là màu tượng trưng cho tình yêu, tuy nhiên đối với hoa hồng, ý nghĩa không đơn thuần chỉ nằm ở màu sắc mà còn ở số lượng hoa. Nếu như 8 hoa thể hiện cho lời cảm ơn sự đồng hành của người kia, cùng vượt qua những vui buồn trước đây thì 25 hoa thể hiện cho lời chúc, hy vọng đối phương sẽ luôn vui vẻ và hạnh phúc trên con đường sắp tới.</p>
<p>Đúng như ai đó đã từng nói, tình yêu không phải là sở hữu mà là kỳ vọng đối phương có được những gì tốt đẹp nhất. Bạn có thể mua Bó 25 Hoa Hồng Đỏ tại Lio Flower loại hoa tươi tại <a class="article-styled__link" href="https://lioflower.com/hoa-sinh-nhat/bo-hoa-hong-25-bong/" target="_blank" rel="nofollow noreferrer noopener" data-vars-link-action="Click-Link-External" data-vars-link-category="ArticleStyled" data-vars-link-label="https://lioflower.com/hoa-sinh-nhat/bo-hoa-hong-25-bong/">nhấp vào đây</a> với giá 670.000 VND hoặc Bó 25 Hoa Hồng Đỏ loại hoa sáp tại Hoa Sáp Hà Mi <a class="article-styled__link" href="https://www.hoasaphami.com/products/bo-dai-hoa-hong-sap-25-bong" target="_blank" rel="nofollow noreferrer noopener" data-vars-link-action="Click-Link-External" data-vars-link-category="ArticleStyled" data-vars-link-label="https://www.hoasaphami.com/products/bo-dai-hoa-hong-sap-25-bong">nhấp vào đây</a> với giá 350.000 VND.</p>
</div>
</div>
<div id="article_element_6129" class="articleElement article-element-title">
<h3 class="article-element-title__ocher-background">Hoa Salem tím bày tỏ mong muốn hàn gắn và lời khẳng định mãi yêu</h3>
</div>
<div class="articleElement articleElementImage mb0">
<div class="articleInner clearfix">
<div><img loading="lazy" src="https://ds393qgzrxwzn.cloudfront.net/resize/m720x480/cat1/img/images/0/nCbS9pzKMv.jpg" width="300" height="360" /></div>
<div class="imageVia">Nguồn <a href="https://hyt.r.worldssl.net/hinh-hoa-tuoi/bo-hoa-tuoi/2015_salem-tim.jpg" target="_blank" rel="nofollow noopener noreferrer">hyt.r.worldssl.net</a></div>
</div>
</div>
<div class="rankingSection articleElement articleElementText plain article-styled article-element-text">
<div class="article-element-text__plain">
<p class="article-element-text__plain-text">Mỗi loài hoa mang đặc tính, dáng vẻ và một thông điệp riêng. Nếu hoa hồng đỏ thường đại diện cho tình yêu thì Hoa Salem là biểu tượng của sự vĩnh cửu và bền vững. Sở dĩ Hoa Salem có ý nghĩa như vậy là vì sức sống mãnh liệt mà hiếm loài hoa nào khác sánh kịp. Hoa Salem có khả năng chống chịu bệnh tật và hạn hán rất tốt, đặc biệt là từ lúc nở cho đến khi tàn, hoa vẫn nằm nguyên trên cành mà không rụng, cánh hoa vẫn giữ nguyên màu sắc ban đầu.</p>
<p>Nếu bạn có ý muốn làm lành và quay lại với người yêu cũ thì Hoa Salem là một lựa chọn hay, ngụ ý mặc dù bây giờ không còn ở bên cạnh nhau nhưng tình yêu vẫn sống mãi. Salem chính là sứ giả cho thông điệp ngọt ngào “Anh vẫn luôn nhớ đến em”. Bó Hoa Salem đang được bán tại Hoayeuthuong.com <a class="article-styled__link" href="https://hoayeuthuong.com/shop-hoa/bo-hoa-tuoi/2015_salem-tim" target="_blank" rel="nofollow noreferrer noopener" data-vars-link-action="Click-Link-External" data-vars-link-category="ArticleStyled" data-vars-link-label="https://hoayeuthuong.com/shop-hoa/bo-hoa-tuoi/2015_salem-tim">nhấp vào đây</a> với giá ưu đãi 330.000 VND.</p>
</div>
</div>
<div id="article_element_6131" class="articleElement article-element-title">
<h3 class="article-element-title__ocher-background">Hoa hướng dương thay lời chúc tương lai rộng mở</h3>
</div>
<div class="articleElement articleElementImage mb0">
<div class="articleInner clearfix">
<div><img loading="lazy" src="https://ds393qgzrxwzn.cloudfront.net/resize/m720x480/cat1/img/images/0/3ZVLe0DqJb.jpg" width="2473" height="2905" /></div>
<div class="imageVia">Nguồn <a href="https://www.chlorisspetals.com.my/product_img/HBSF-160418-1.jpg" target="_blank" rel="nofollow noopener noreferrer">www.chlorisspetals.com.my</a></div>
</div>
</div>
<div class="rankingSection articleElement articleElementText plain article-styled article-element-text">
<div class="article-element-text__plain">
<p class="article-element-text__plain-text">Cát Tường, Đồng Tiền và Hướng Dương là những loài hoa đại diện cho sự may mắn nên cũng là một lựa chọn không tồi nếu bạn muốn tặng hoa cho người yêu cũ. Đặc biệt là Hướng Dương, với đặc tính bông hoa luôn hướng về ánh mặt trời, ngụ ý cho lời chúc về sự tươi sáng, tương lai rộng mở.</p>
<p>Tặng một bó Hoa Hướng Dương cho đối phương là cách tốt nhất để thể hiện mong muốn người kia có một quãng đường thuận lợi, suôn sẻ và bạn sẽ luôn ủng hộ người ấy trên bước đường sắp tới. Bạn có thể mua bó Hoa Hướng Dương lớn tại Hoatuoi360.vn <a class="article-styled__link" href="https://hoatuoi360.vn/bo-hoa-huong-duong-tang-sinh-nhat.html" target="_blank" rel="nofollow noreferrer noopener" data-vars-link-action="Click-Link-External" data-vars-link-category="ArticleStyled" data-vars-link-label="https://hoatuoi360.vn/bo-hoa-huong-duong-tang-sinh-nhat.html">nhấp vào đây</a> với giá ưu đãi 500.000 VND hoặc bó Hoa Hướng Dương nhỏ tại 60s Flower <a class="article-styled__link" href="https://dienhoa60giay.com/bo-hoa-huong-duong-1547441177" target="_blank" rel="nofollow noreferrer noopener" data-vars-link-action="Click-Link-External" data-vars-link-category="ArticleStyled" data-vars-link-label="https://dienhoa60giay.com/bo-hoa-huong-duong-1547441177">nhấp vào đây</a> với giá 350.000 VND.</p>
</div>
</div>
<div id="article_element_6133" class="articleElement article-element-title">
<h3 class="article-element-title__ocher-background">Hoa cúc Tana đơn thuần dành tặng người yêu đầu</h3>
</div>
<div class="articleElement articleElementImage mb0">
<div class="articleInner clearfix">
<div><img loading="lazy" src="https://ds393qgzrxwzn.cloudfront.net/resize/m720x480/cat1/img/images/0/udH9EkN3GI.jpg" width="400" height="463" /></div>
<div class="imageVia">Nguồn <a href="https://hoavily.com/upload/hinhanh/thumb/bo-hoa-cuc-tana-gian-di822.jpg" target="_blank" rel="nofollow noopener noreferrer">hoavily.com</a></div>
</div>
</div>
<div class="rankingSection articleElement articleElementText plain article-styled article-element-text">
<div class="article-element-text__plain">
<p class="article-element-text__plain-text">Cúc Tana xuất hiện không lâu trên thị trường Việt Nam nhưng đã tạo nên một trào lưu mới. Tuy Cúc Tana không rực rỡ và nhiều màu sắc nhưng chính sự đơn giản và mộc mạc lại khiến cho loài hoa này chiếm được cảm tình của giới trẻ. Cúc Tana đơn thuần như “tình yêu thuở ban đầu” nên rất thích hợp làm quà tặng cho “mối tình đầu đã cũ” của bạn.</p>
<p>Nếu người yêu cũ của bạn là một cô gái có vẻ ngoài mỏng manh, thuần khiết thì có lẽ một bó hoa cúc tana là sự lựa chọn phù hợp nhất cho cô nàng. Hiện đang có rất nhiều địa chỉ bán Cúc Tana, một trong những lựa chọn đó là HoaVily <a class="article-styled__link" href="https://hoavily.com/bo-hoa-cuc-tana-gian-di.html" target="_blank" rel="nofollow noreferrer noopener" data-vars-link-action="Click-Link-External" data-vars-link-category="ArticleStyled" data-vars-link-label="https://hoavily.com/bo-hoa-cuc-tana-gian-di.html">nhấp vào đây</a> với giá ưu đãi 890.000 VND cho bó Hoa Cúc Tana loại lớn và Hoayeuthuong.com <a class="article-styled__link" href="https://hoayeuthuong.com/shop-hoa/bo-hoa-tuoi/6250_bo-hoa-cuc-tana" target="_blank" rel="nofollow noreferrer noopener" data-vars-link-action="Click-Link-External" data-vars-link-category="ArticleStyled" data-vars-link-label="https://hoayeuthuong.com/shop-hoa/bo-hoa-tuoi/6250_bo-hoa-cuc-tana">nhấp vào đây</a> với giá ưu đãi 330.000 VND cho bó Hoa Cúc Tana loại nhỏ.</p>
</div>
</div>
<div id="article_element_6135" class="articleElement article-element-title">
<h3 class="article-element-title__ocher-background">Hoa thạch thảo tím khẳng định sự chín chắn, trưởng thành</h3>
</div>
<div class="articleElement articleElementImage mb0">
<div class="articleInner clearfix">
<div><img loading="lazy" src="https://ds393qgzrxwzn.cloudfront.net/resize/m720x480/cat1/img/images/0/rgwMwumnpH.jpg" width="600" height="710" /></div>
<div class="imageVia">Nguồn <a href="https://www.hoa38do.net/wp-content/uploads/2019/06/hoa-tang-sinh-nhat-dep-va-y-nghia-nhat-5.jpg" target="_blank" rel="nofollow noopener noreferrer">www.hoa38do.net</a></div>
</div>
</div>
<div class="rankingSection articleElement articleElementText plain article-styled article-element-text">
<div class="article-element-text__plain">
<p class="article-element-text__plain-text">Thạch Thảo có nhiều màu sắc, mỗi màu truyền tải một ý nghĩa khác nhau. Nếu Thạch Thảo Trắng thể hiện sự mong mỏi, nhớ nhung, Thạch Thảo Hồng tượng trưng cho sự may mắn, thuận lợi thì Thạch Thảo Tím là hiện thân của sự chín chắn, trưởng thành trong tình yêu.</p>
<p>Cánh hoa Thạch Thảo tuy mỏng manh nhưng rất kiên cường bởi trong tự nhiên, Thạch Thảo nở vào cuối thu khi các loài hoa khác đã úa tàn. Thạch Thảo là hiện thân của sự mạnh mẽ nhưng đầy nữ tính, rất thích hợp để tặng cho người yêu cũ, biểu thị sự trưởng thành trong mối quan hệ của hai người, chia tay vẫn có thể làm bạn tốt. Bạn có thể mua bó Hoa Thạch Thảo tại Hoayeuthuong.com <a class="article-styled__link" href="https://hoayeuthuong.com/shop-hoa/bo-hoa-tuoi/3573_thach-thao" target="_blank" rel="nofollow noreferrer noopener" data-vars-link-action="Click-Link-External" data-vars-link-category="ArticleStyled" data-vars-link-label="https://hoayeuthuong.com/shop-hoa/bo-hoa-tuoi/3573_thach-thao">nhấp vào đây</a> với giá dao động từ 300.000 VND đến 440.000 VND tùy kích thước.</p>
</div>
</div>
<div id="article_element_6137" class="articleElement article-element-title">
<h3 class="article-element-title__ocher-background">Hoa cẩm tú cầu thay lời &#8220;Cảm ơn!&#8221; và &#8220;Xin lỗi!&#8221;</h3>
</div>
<div class="articleElement articleElementImage mb0">
<div class="articleInner clearfix">
<div><img loading="lazy" src="https://ds393qgzrxwzn.cloudfront.net/resize/m720x480/cat1/img/images/0/jFJgyQc6e0.jpg" width="1024" height="1024" /></div>
<div class="imageVia">Nguồn <a href="https://flowers.tiffanyvn.com/wp-content/uploads/2019/08/B93-600k-copy-1024x1024.png" target="_blank" rel="nofollow noopener noreferrer">flowers.tiffanyvn.com</a></div>
</div>
</div>
<div class="rankingSection articleElement articleElementText plain article-styled article-element-text">
<div class="article-element-text__plain">
<p class="article-element-text__plain-text">Ai trong chúng ta chắc cũng từng cảm thấy thích thú khi nhìn thấy vườn hoa Cẩm Tú Cầu trải dài hút mắt, dù cho ngắm nhìn trực tiếp hay chỉ nhìn qua khung ảnh thì hình ảnh những đóa Cẩm Tú Cầu đều để lại trong lòng người xem một ấn tượng khó quên. Cẩm Tú Cầu là loài hoa nhiều cánh, chen chúc tạo thành từng chùm hoa. Mỗi đóa hoa có thể có nhiều màu, nhưng phổ biến nhất là màu xanh da trời xen kẽ xanh lá.</p>
<p>Hoa Cẩm Tú Cầu tượng trưng cho sự biết ơn và cảm xúc chân thành nên khi bạn nợ ai đó một lời xin lỗi, Cẩm Tú Cầu sẽ giúp bạn gửi tình cảm chân thành đến người đó. Nếu người yêu cũ của bạn thích sự đơn giản, mộc mạc thì đừng chần chừ mà hãy đặt một Bó Hoa Cẩm Tú Cầu tại Hoatuoi360.vn <a class="article-styled__link" href="https://hoatuoi360.vn/em-la-co-gai-tu-cau.html" target="_blank" rel="nofollow noreferrer noopener" data-vars-link-action="Click-Link-External" data-vars-link-category="ArticleStyled" data-vars-link-label="https://hoatuoi360.vn/em-la-co-gai-tu-cau.html">nhấp vào đây</a> hoặc Tiffany Flowers <a class="article-styled__link" href="https://flowers.tiffanyvn.com/san-pham/bo-hoa-cam-tu-cau-size-lon-b93/" target="_blank" rel="nofollow noreferrer noopener" data-vars-link-action="Click-Link-External" data-vars-link-category="ArticleStyled" data-vars-link-label="https://flowers.tiffanyvn.com/san-pham/bo-hoa-cam-tu-cau-size-lon-b93/">nhấp vào đây</a> với giá dao động từ 600.000 VND đến 700.000 VND.</p>
</div>
</div>
<div id="article_element_6139" class="articleElement article-element-title">
<h3 class="article-element-title__ocher-background">Hoa đồng tiền chúc may mắn trong tình yêu mới</h3>
</div>
<div class="articleElement articleElementImage mb0">
<div class="articleInner clearfix">
<div><img loading="lazy" src="https://ds393qgzrxwzn.cloudfront.net/resize/m720x480/cat1/img/images/0/tWjU4E2B60.jpg" width="360" height="450" /></div>
<div class="imageVia">Nguồn <a href="https://dienhoa360.com/wp-content/uploads/2015/10/dien-hoa-hoa-sinh-nhat-hoa-bo-hoa-tuoi1.jpg" target="_blank" rel="nofollow noopener noreferrer">dienhoa360.com</a></div>
</div>
</div>
<div class="rankingSection articleElement articleElementText plain article-styled article-element-text">
<div class="article-element-text__plain">
<p class="article-element-text__plain-text">Hoa Đồng Tiền đúng như tên gọi của mình, là hiện thân của sự may mắn, sung túc và giàu sang, nên được rất nhiều người yêu thích. Ngoài ra, Hoa Đồng Tiền còn mang ý nghĩa ca ngợi tình yêu đôi lứa, tình yêu trong sáng và ngây thơ của giới trẻ.</p>
<p>Một bó Hoa Đồng Tiền với hàm ý cầu chúc cho cuộc sống sắp tới nhiều may mắn và đủ đầy cùng với đoạn tình yêu mới nồng thắm và bền vững hơn sẽ là một lựa chọn lý tưởng dành cho người yêu cũ. Bạn có thể mua Hoa Đồng Tiền tại Hoa Tươi Hoa Mỹ <a class="article-styled__link" href="https://hoatuoihoamy.com/san-pham/bo-hoa-dong-tien-dep-nhat-shop-ban-hoa-tuoi-quan-3/" target="_blank" rel="nofollow noreferrer noopener" data-vars-link-action="Click-Link-External" data-vars-link-category="ArticleStyled" data-vars-link-label="https://hoatuoihoamy.com/san-pham/bo-hoa-dong-tien-dep-nhat-shop-ban-hoa-tuoi-quan-3/">nhấp vào đây</a> với giá 500.000 VND hoặc Cuahanghoa.vn <a class="article-styled__link" href="http://hoamayman.com/mua/hoa-dong-tien-khat-vong-3?v=e14da64a5617" target="_blank" rel="nofollow noreferrer noopener" data-vars-link-action="Click-Link-External" data-vars-link-category="ArticleStyled" data-vars-link-label="http://hoamayman.com/mua/hoa-dong-tien-khat-vong-3?v=e14da64a5617">nhấp vào đây</a> với giá 230.000 VND.</p>
</div>
</div>
<div id="article_element_6141" class="articleElement article-element-title">
<h3 class="article-element-title__ocher-background">Hoa Tulip vàng động viên người cũ vượt qua mọi khó khăn</h3>
</div>
<div class="articleElement articleElementImage mb0">
<div class="articleInner clearfix">
<div><img loading="lazy" src="https://ds393qgzrxwzn.cloudfront.net/resize/m720x480/cat1/img/images/0/wNtlyK1Lz3.jpg" width="1088" height="1390" /></div>
<div class="imageVia">Nguồn <a href="https://bloomschest.com/wp-content/uploads/2018/03/6-1.jpg" target="_blank" rel="nofollow noopener noreferrer">bloomschest.com</a></div>
</div>
</div>
<div class="rankingSection articleElement articleElementText plain article-styled article-element-text">
<div class="article-element-text__plain">
<p class="article-element-text__plain-text">Tulip là loài hoa nổi tiếng của xứ Hà Lan đã chiếm được tình cảm của rất nhiều cô gái. Tulip có màu sắc đa dạng, trong đó Tulip Vàng là loài hoa tượng trưng cho tình bạn. Cũng giống như Hồng Vàng hay Hướng Dương, ánh vàng rực rỡ của màu hoa Tulip này tựa như ánh sáng mặt trời, mang lại một nguồn năng lượng tích cực.</p>
<p>Một bó Hoa Tulip Vàng được ví như lời động viên đối phương vượt qua những gian nan thử thách để hướng tới cuộc sống tươi đẹp phía trước, là một lựa chọn ý nghĩa làm quà cho người yêu cũ. Hoa Tulip Vàng hiện đang được bán với giá 1.000.000 VND tại HoaVily <a class="article-styled__link" href="https://hoavily.com/bo-hoa-tulip-nang-vang.html" target="_blank" rel="nofollow noreferrer noopener" data-vars-link-action="Click-Link-External" data-vars-link-category="ArticleStyled" data-vars-link-label="https://hoavily.com/bo-hoa-tulip-nang-vang.html">nhấp vào đây</a> và Hoatuoi360.vn <a class="article-styled__link" href="https://hoatuoi360.vn/bo-hoa-tulip-nang-vang.html" target="_blank" rel="nofollow noreferrer noopener" data-vars-link-action="Click-Link-External" data-vars-link-category="ArticleStyled" data-vars-link-label="https://hoatuoi360.vn/bo-hoa-tulip-nang-vang.html">nhấp vào đây</a>.</p>
</div>
</div>
<div class="backToTop"><a href="https://bp-guide.vn/AXdnZUAh#logo" rel="nofollow">Trở về đầu trang</a></div>
<div id="article_element_6143" class="articleElement article-element-title">
<h2 class="article-element-title__orange-background">10 lời chúc mừng sinh nhật người yêu cũ đầy cảm động</h2>
</div>
<div class="rankingSection articleElement html style-bordered_list">
<ul>
<li style="list-style-type: none;">
<ul>
<li>Hãy để quá khứ ở lại và hướng đến tương lai. Dù chúng ta sinh ra không dành cho nhau nhưng anh vẫn mong em được hạnh phúc và yên vui trên con đường sắp tới. Chúc em có một ngày sinh nhật thật ý nghĩa.</li>
</ul>
</li>
</ul>
<ul>
<li style="list-style-type: none;">
<ul>
<li>Dù không còn được đồng hành cùng em nữa nhưng anh vẫn rất trân trọng những kỷ niệm mà chúng ta đã có. Anh sẽ luôn giữ những hồi ức tốt đẹp nhất về em. Chúc em hạnh phúc trên con đường em đã chọn. Mọi điều tốt đẹp nhất dành cho ngày sinh nhật của em.</li>
</ul>
</li>
</ul>
<ul>
<li style="list-style-type: none;">
<ul>
<li>Có nhiều chuyện khi đã dũng cảm từ bỏ rồi ta mới cảm thấy đó là một điều đúng đắn nên thực hiện từ lâu. Dù không thể bên nhau nhưng em vẫn mãi là người bạn tốt của anh. Chúc em sinh nhật nhiều niềm vui nhé.</li>
</ul>
</li>
</ul>
<ul>
<li style="list-style-type: none;">
<ul>
<li>0h ngày hôm nay em đã không còn tranh làm người chúc mừng sinh nhật anh đầu tiên như xưa. Tuy đều đã là quá khứ nhưng anh mãi là người mà em nhớ về với những ký ức tốt đẹp nhất. Chúc anh tuổi mới thật thành công nhé.</li>
</ul>
</li>
</ul>
<ul>
<li style="list-style-type: none;">
<ul>
<li>Sinh nhật năm nay anh đã không còn được ở bên em, không còn được cùng em thổi nến và ước những điều ước mà em mong muốn. Nhưng hãy luôn nhớ rằng anh vẫn luôn dõi theo em. Chúc em một cuộc sống lạc quan và như ý.</li>
</ul>
</li>
</ul>
<ul>
<li style="list-style-type: none;">
<ul>
<li>Buông tay người mình yêu thương quả thật là một điều không hề dễ dàng, nhưng biết làm sao khi nắm càng chặt tay càng đau. Anh tin rằng chúng ta rồi sẽ tốt thôi. Chúc em mọi điều em ước trong ngày đặc biệt này sẽ thành hiện thực.</li>
</ul>
</li>
</ul>
<ul>
<li style="list-style-type: none;">
<ul>
<li>Tình yêu vẫn luôn cần lý trí, cả anh và em đều hiểu điều đó. Dù đã chia xa nhưng anh vẫn luôn dõi theo và mong rằng em sẽ được hạnh phúc. Chúc em tìm được người yêu thương và chăm sóc em cả đời. Sinh nhật vui vẻ em nhé!</li>
</ul>
</li>
</ul>
<ul>
<li style="list-style-type: none;">
<ul>
<li>Cảm ơn anh vì đã từng yêu em như vậy. Em vẫn luôn trân trọng tình cảm mình đã dành cho nhau. Dù không còn chung bước nhưng em vẫn mong mọi điều anh muốn sẽ thành hiện thực. Chúc anh sinh nhật vui vẻ!</li>
</ul>
</li>
</ul>
<ul>
<li style="list-style-type: none;">
<ul>
<li>Trời lạnh rồi nhưng không còn được khoác áo cho em. Anh vẫn luôn nhớ về em và mong em mãi giữ nụ cười rạng rỡ, yêu đời. Chúc em sớm tìm được người vì em mà cố gắng. Sinh nhật thật hạnh phúc em nhé!</li>
</ul>
</li>
</ul>
<ul>
<li>Một sinh nhật nữa của em lại đến. Dù không còn được bên em nữa nhưng anh sẽ mãi không quên ngày đặc biệt này. Hứa với anh rằng em sẽ luôn hạnh phúc, anh dành tất cả lời chúc tốt đẹp nhất gửi đến em.</li>
</ul>
</div>
    <div class="related-post grid">
            <div class="post-list ">

                        <div class="item">
                    
    <a class="title post_title" post_title  href="https://lethiphuonglan.github.io/Bloom-flower/mau-sac-cua-hoa-kho-trong-phong-thuy/?related_post_from=355">
                MÀU SẮC CỦA HOA KHÔ TRONG PHONG THỦY    </a>

        <div class="thumb post_thumb">
        <a post_thumb href="https://lethiphuonglan.github.io/Bloom-flower/mau-sac-cua-hoa-kho-trong-phong-thuy/?related_post_from=355">
            <img width="1000" height="668" src="https://lethiphuonglan.github.io/Bloom-flower/wp-content/uploads/2021/07/unsplash39-1-of-2.jpg" class="attachment-full size-full wp-post-image" alt="" loading="lazy" srcset="https://lethiphuonglan.github.io/Bloom-flower/wp-content/uploads/2021/07/unsplash39-1-of-2.jpg 1000w, https://lethiphuonglan.github.io/Bloom-flower/wp-content/uploads/2021/07/unsplash39-1-of-2-300x200.jpg 300w, https://lethiphuonglan.github.io/Bloom-flower/wp-content/uploads/2021/07/unsplash39-1-of-2-768x513.jpg 768w, https://lethiphuonglan.github.io/Bloom-flower/wp-content/uploads/2021/07/unsplash39-1-of-2-510x341.jpg 510w" sizes="(max-width: 1000px) 100vw, 1000px" />        </a>
    </div>
                    </div>
                                <div class="item">
                    
    <a class="title post_title" post_title  href="https://lethiphuonglan.github.io/Bloom-flower/bao-quan-hoa-kho-the-nao-de-hoa-ben-va-dep/?related_post_from=353">
                BẢO QUẢN HOA KHÔ THẾ NÀO ĐỂ HOA BỀN VÀ ĐẸP    </a>

        <div class="thumb post_thumb">
        <a post_thumb href="https://lethiphuonglan.github.io/Bloom-flower/bao-quan-hoa-kho-the-nao-de-hoa-ben-va-dep/?related_post_from=353">
            <img width="474" height="474" src="https://lethiphuonglan.github.io/Bloom-flower/wp-content/uploads/2021/06/262e948b88c56395be2a13f2704bc2cc.jpeg" class="attachment-full size-full wp-post-image" alt="" loading="lazy" srcset="https://lethiphuonglan.github.io/Bloom-flower/wp-content/uploads/2021/06/262e948b88c56395be2a13f2704bc2cc.jpeg 474w, https://lethiphuonglan.github.io/Bloom-flower/wp-content/uploads/2021/06/262e948b88c56395be2a13f2704bc2cc-100x100.jpeg 100w, https://lethiphuonglan.github.io/Bloom-flower/wp-content/uploads/2021/06/262e948b88c56395be2a13f2704bc2cc-416x416.jpeg 416w, https://lethiphuonglan.github.io/Bloom-flower/wp-content/uploads/2021/06/262e948b88c56395be2a13f2704bc2cc-300x300.jpeg 300w, https://lethiphuonglan.github.io/Bloom-flower/wp-content/uploads/2021/06/262e948b88c56395be2a13f2704bc2cc-150x150.jpeg 150w" sizes="(max-width: 474px) 100vw, 474px" />        </a>
    </div>
                    </div>
                                <div class="item">
                    
    <a class="title post_title" post_title  href="https://lethiphuonglan.github.io/Bloom-flower/nen-dung-hoa-kho-hay-hoa-gia-de-trang-tri-nha-cua/?related_post_from=317">
                Nên dùng hoa khô hay hoa giả để trang trí nhà cửa?    </a>

        <div class="thumb post_thumb">
        <a post_thumb href="https://lethiphuonglan.github.io/Bloom-flower/nen-dung-hoa-kho-hay-hoa-gia-de-trang-tri-nha-cua/?related_post_from=317">
            <img width="922" height="757" src="https://lethiphuonglan.github.io/Bloom-flower/wp-content/uploads/2021/07/31797e130cb4f05bed975edc08dd0325.jpeg" class="attachment-full size-full wp-post-image" alt="" loading="lazy" srcset="https://lethiphuonglan.github.io/Bloom-flower/wp-content/uploads/2021/07/31797e130cb4f05bed975edc08dd0325.jpeg 922w, https://lethiphuonglan.github.io/Bloom-flower/wp-content/uploads/2021/07/31797e130cb4f05bed975edc08dd0325-300x246.jpeg 300w, https://lethiphuonglan.github.io/Bloom-flower/wp-content/uploads/2021/07/31797e130cb4f05bed975edc08dd0325-768x631.jpeg 768w, https://lethiphuonglan.github.io/Bloom-flower/wp-content/uploads/2021/07/31797e130cb4f05bed975edc08dd0325-510x419.jpeg 510w" sizes="(max-width: 922px) 100vw, 922px" />        </a>
    </div>
                    </div>
                
    </div>
    
    <script>

        
    </script>
    <style type="text/css">
        .related-post{}
        .related-post .post-list{
                    text-align:left;
                }
        .related-post .post-list .item{
                            margin:10px;
                            padding:0px;
                }
        .related-post .headline{
                    font-size:18px !important;
                            color:#1e73be !important;
                }

        
        
                            .related-post .post-list .item .post_title{
                                                    font-size:16px;
                                                                            color:#3f3636;
                                                                            margin:10px 0px;
                                                                            padding:0px;
                                                                        display: block;
                        text-decoration: none;
                                            }
                                        .related-post .post-list .item .post_thumb{
                                                    max-height:220px;
                                                                            margin:10px 0px;
                                                                            padding:0px;
                                                                        display: block;
                                            }
                                        .related-post .post-list .item .post_excerpt{
                                                    font-size:13px;
                                                                            color:#3f3f3f;
                                                                            margin:10px 0px;
                                                                            padding:0px;
                                                                        display: block;
                        text-decoration: none;
                                            }
                    
                    @media only screen and (min-width: 1024px ){
                .related-post .post-list .item{
                    width: 45%;
                }
            }

            @media only screen and ( min-width: 768px ) and ( max-width: 1023px ) {
                .related-post .post-list .item{
                    width: 90%;
                }
            }

            @media only screen and ( min-width: 0px ) and ( max-width: 767px ){
                .related-post .post-list .item{
                    width: 90%;
                }
            }

            


    </style>
        </div>
    ]]></content:encoded>
					
					<wfw:commentRss>https://lethiphuonglan.github.io/Bloom-flower/tang-hoa-kho-cho-nguoi-yeu-cu-co-phai-de-dan-mat/feed/</wfw:commentRss>
			<slash:comments>0</slash:comments>
		
		
			</item>
		<item>
		<title>MÀU SẮC CỦA HOA KHÔ TRONG PHONG THỦY</title>
		<link>https://lethiphuonglan.github.io/Bloom-flower/mau-sac-cua-hoa-kho-trong-phong-thuy/</link>
					<comments>https://lethiphuonglan.github.io/Bloom-flower/mau-sac-cua-hoa-kho-trong-phong-thuy/#respond</comments>
		
		<dc:creator><![CDATA[lethiphuonglan]]></dc:creator>
		<pubDate>Wed, 07 Jul 2021 10:01:05 +0000</pubDate>
				<category><![CDATA[Kinh Nghiệm Hay]]></category>
		<guid isPermaLink="false">https://lethiphuonglan.github.io/Bloom-flower/?p=355</guid>

					<description><![CDATA[Hơn 6  năm kinh doanh shop hoa khô Khuê đã tư vấn cho  rất nhiều khách  đa số khách mong muốn một lọ hoa khô hợp phong thủy với gia chủ , nhất là những người muốn mua tặng tân gia , khai trương hay tặng cho sếp của mình vào những dịp lễ Tết. [...]]]></description>
										<content:encoded><![CDATA[<p><a href="https://lethiphuonglan.github.io/Bloom-flower/wp-content/uploads/2021/07/word-image-177.png"><img loading="lazy" class="aligncenter size-full wp-image-346" src="https://lethiphuonglan.github.io/Bloom-flower/wp-content/uploads/2021/07/word-image-177.png" alt="" width="524" height="358" srcset="https://lethiphuonglan.github.io/Bloom-flower/wp-content/uploads/2021/07/word-image-177.png 524w, https://lethiphuonglan.github.io/Bloom-flower/wp-content/uploads/2021/07/word-image-177-300x205.png 300w, https://lethiphuonglan.github.io/Bloom-flower/wp-content/uploads/2021/07/word-image-177-510x348.png 510w" sizes="(max-width: 524px) 100vw, 524px" /></a></p>
<p>Hơn 6  năm kinh doanh shop hoa khô Khuê đã tư vấn cho  rất nhiều khách  đa số khách mong muốn một lọ hoa khô hợp phong thủy với gia chủ , nhất là những người muốn mua tặng tân gia , khai trương hay tặng cho sếp của mình vào những dịp lễ Tết.</p>
<p><strong>Hãy tham khảo  cách phối màu hoa khô hợp với phong thủy nhé</strong></p>
<p>Phong thuỷ là phương pháp, là nghệ thuật thiết kế và định vị theo tự nhiên của vũ trụ.<br />
Một đời sống an lành phải đạt được sự cân bằng và hài hoà giữa âm và dương.<br />
Một bức tranh hoàn mỹ phải áp dụng luật cân bằng âm dương.<br />
Vì vậy màu sắc cũng được phân loại thành màu Âm và màu Dương và nó cũng được vận dụng trong thuyết ngũ hành.<br />
Các màu nóng như Đỏ – Cam – Vàng là màu Dương<br />
Các màu lạnh như Xanh dương – Xanh lá cây là màu Âm</p>
<p>Màu sắc tượng trưng trong thuyết ngũ hành :</p>
<p>Kim = màu trắng<br />
Thuỷ =  Xanh dương<br />
Thổ = Vàng.</p>
<p>Mộc = Xanh lục</p>
<p>Hỏa = Đỏ</p>
<p>Vậy nên khi vân dụng màu sắc trong thuyết ngũ hành cho nghệ thuật cắm hoa khô để có những lọ hoa xinh đẹp hợp phong thủy mang lại bình an , hạnh phúc và năng lượng tràn đầy cho gia chủ. Để dễ dàng các bạn hãy nhìn bảng màu phong thủy trong thuyết ngủ hành dưới đây để áp dụng nhé</p>
<p>Hình 1 : Hình ngủ hành phòng thủy</p>
<figure class="wp-block-image size-large"><img loading="lazy" class="wp-image-639 ls-is-cached lazyloaded" src="https://lothuytinhvahoa.com.vn/wp-content/uploads/2020/05/ngu-hanh-phong-thuy.jpg" sizes="(max-width: 800px) 100vw, 800px" srcset="https://lothuytinhvahoa.com.vn/wp-content/uploads/2020/05/ngu-hanh-phong-thuy.jpg 800w, https://lothuytinhvahoa.com.vn/wp-content/uploads/2020/05/ngu-hanh-phong-thuy-300x225.jpg 300w, https://lothuytinhvahoa.com.vn/wp-content/uploads/2020/05/ngu-hanh-phong-thuy-768x576.jpg 768w, https://lothuytinhvahoa.com.vn/wp-content/uploads/2020/05/ngu-hanh-phong-thuy-600x450.jpg 600w" alt="" width="800" height="600" data-srcset="https://lothuytinhvahoa.com.vn/wp-content/uploads/2020/05/ngu-hanh-phong-thuy.jpg 800w, https://lothuytinhvahoa.com.vn/wp-content/uploads/2020/05/ngu-hanh-phong-thuy-300x225.jpg 300w, https://lothuytinhvahoa.com.vn/wp-content/uploads/2020/05/ngu-hanh-phong-thuy-768x576.jpg 768w, https://lothuytinhvahoa.com.vn/wp-content/uploads/2020/05/ngu-hanh-phong-thuy-600x450.jpg 600w" data-src="https://lothuytinhvahoa.com.vn/wp-content/uploads/2020/05/ngu-hanh-phong-thuy.jpg" data-sizes="(max-width: 800px) 100vw, 800px" /></figure>
<p>Bạn hãy nhìn lên bảng màu nhé  khi áp dụng màu sắc theo phong thủy cho nghệ thuật hoa khô thì cố gắng bám vào bảng sắc màu này . Có 4 mũi tên</p>
<p>Màu xanh dương : Kiềm hãm</p>
<p>Màu vàng : Làm kiệt quệ</p>
<p>Màu đỏ : Tương khắc</p>
<p>Màu đen : Tương sinh</p>
<p>Chúng ta chỉ chọn mũi tên đen tương sinh trong khi cắm hoa khô nhe .</p>
<p>Theo mũi tên đen : tương sinh</p>
<p>Thì : KIM sinh THỦY</p>
<p>THỦY sinh MỘC</p>
<p>MỘC sinh HỎA</p>
<p>HỎA sinh THỔ</p>
<p>THỔ sinh KIM</p>
<p>Hãy nhìn vào bảng màu sắc nhé</p>
<p>1/  Vậy nếu bạn cắm lọ hoa khô cho ngưới mệnh THỦY: KIM sinh THỦY thì sử dụng những màu sắc trong khung mệnh thủy hoặc màu sắc trong khung mệnh kim hoặc kết hợp 2 khung màu của 2 mệnh này trong bảng màu :</p>
<p>Xem ảnh bạn sẽ thấy Khuê kết hợp màu trắng của mệnh kim và màu xanh dương của mệnh thủy  vậy là KIM sinh THỦY  lọ hoa này sẽ hợp cho mệnh thủy nhé</p>
<figure class="wp-block-image size-large"><img loading="lazy" class="wp-image-640 lazyloaded" src="https://lothuytinhvahoa.com.vn/wp-content/uploads/2020/05/Hoa-kho-502-683x1024.jpg" sizes="(max-width: 683px) 100vw, 683px" srcset="https://lothuytinhvahoa.com.vn/wp-content/uploads/2020/05/Hoa-kho-502-683x1024.jpg 683w, https://lothuytinhvahoa.com.vn/wp-content/uploads/2020/05/Hoa-kho-502-200x300.jpg 200w, https://lothuytinhvahoa.com.vn/wp-content/uploads/2020/05/Hoa-kho-502-768x1152.jpg 768w, https://lothuytinhvahoa.com.vn/wp-content/uploads/2020/05/Hoa-kho-502-1024x1536.jpg 1024w, https://lothuytinhvahoa.com.vn/wp-content/uploads/2020/05/Hoa-kho-502-600x900.jpg 600w, https://lothuytinhvahoa.com.vn/wp-content/uploads/2020/05/Hoa-kho-502-rotated.jpg 1280w" alt="màu hoa khô phù hợp người mệnh thủy" width="683" height="1024" data-srcset="https://lothuytinhvahoa.com.vn/wp-content/uploads/2020/05/Hoa-kho-502-683x1024.jpg 683w, https://lothuytinhvahoa.com.vn/wp-content/uploads/2020/05/Hoa-kho-502-200x300.jpg 200w, https://lothuytinhvahoa.com.vn/wp-content/uploads/2020/05/Hoa-kho-502-768x1152.jpg 768w, https://lothuytinhvahoa.com.vn/wp-content/uploads/2020/05/Hoa-kho-502-1024x1536.jpg 1024w, https://lothuytinhvahoa.com.vn/wp-content/uploads/2020/05/Hoa-kho-502-600x900.jpg 600w, https://lothuytinhvahoa.com.vn/wp-content/uploads/2020/05/Hoa-kho-502-rotated.jpg 1280w" data-src="https://lothuytinhvahoa.com.vn/wp-content/uploads/2020/05/Hoa-kho-502-683x1024.jpg" data-sizes="(max-width: 683px) 100vw, 683px" /></figure>
<p>2/  Nếu cắm lọ hoa khô cho ngưới mệnh MÔC : THỦY sinh MỘC thì sử dụng những màu sắc trong khung mệnh MỘC  hoặc màu sắc trong khung mệnh THỦY hoặc kết hợp 2 khung màu của 2 mệnh này trong bảng màu:</p>
<p>Xem ảnh bạn sẽ thấy Khuê kết hợp màu xanh dương của mạng thủy và màu xanh lá của mạng mộc  vậy là THỦY sinh MỘC lọ hoa khô này sẽ hợp cho mệnh MỘC nhe</p>
<figure class="wp-block-image size-large"><img loading="lazy" class="wp-image-641 lazyloaded" src="https://lothuytinhvahoa.com.vn/wp-content/uploads/2020/05/Hoa-kho-503-1024x683.jpg" sizes="(max-width: 1024px) 100vw, 1024px" srcset="https://lothuytinhvahoa.com.vn/wp-content/uploads/2020/05/Hoa-kho-503-1024x683.jpg 1024w, https://lothuytinhvahoa.com.vn/wp-content/uploads/2020/05/Hoa-kho-503-300x200.jpg 300w, https://lothuytinhvahoa.com.vn/wp-content/uploads/2020/05/Hoa-kho-503-768x512.jpg 768w, https://lothuytinhvahoa.com.vn/wp-content/uploads/2020/05/Hoa-kho-503-1536x1024.jpg 1536w, https://lothuytinhvahoa.com.vn/wp-content/uploads/2020/05/Hoa-kho-503-600x400.jpg 600w, https://lothuytinhvahoa.com.vn/wp-content/uploads/2020/05/Hoa-kho-503.jpg 1920w" alt="hoa hồng xanh phù hợp người mệnh mộc" width="1024" height="683" data-srcset="https://lothuytinhvahoa.com.vn/wp-content/uploads/2020/05/Hoa-kho-503-1024x683.jpg 1024w, https://lothuytinhvahoa.com.vn/wp-content/uploads/2020/05/Hoa-kho-503-300x200.jpg 300w, https://lothuytinhvahoa.com.vn/wp-content/uploads/2020/05/Hoa-kho-503-768x512.jpg 768w, https://lothuytinhvahoa.com.vn/wp-content/uploads/2020/05/Hoa-kho-503-1536x1024.jpg 1536w, https://lothuytinhvahoa.com.vn/wp-content/uploads/2020/05/Hoa-kho-503-600x400.jpg 600w, https://lothuytinhvahoa.com.vn/wp-content/uploads/2020/05/Hoa-kho-503.jpg 1920w" data-src="https://lothuytinhvahoa.com.vn/wp-content/uploads/2020/05/Hoa-kho-503-1024x683.jpg" data-sizes="(max-width: 1024px) 100vw, 1024px" /></figure>
<p>3/ Nếu cắm lọ hoa khô cho ngưới mệnh HỎA : MỘC sinh HỎA thì sử dụng những màu sắc trong khung mệnh HỎA  hoặc màu sắc trong khung mệnh THỔ hoặc kết hợp 2 khung màu của 2 mệnh này trong bảng màu.</p>
<p>Xem hình ảnh bạn sẽ thấy Khuê kết hợp màu hồng của mệnh hỏa và màu xanh lá của mệnh MỘC vậy là MỘC sinh HỎA , lọ hoa này hợp với người mệnh hỏa nhe.</p>
<figure class="wp-block-image size-large"><img loading="lazy" class="wp-image-642 lazyloaded" src="https://lothuytinhvahoa.com.vn/wp-content/uploads/2020/05/Hoa-kho-504-1024x683.jpg" sizes="(max-width: 1024px) 100vw, 1024px" srcset="https://lothuytinhvahoa.com.vn/wp-content/uploads/2020/05/Hoa-kho-504-1024x683.jpg 1024w, https://lothuytinhvahoa.com.vn/wp-content/uploads/2020/05/Hoa-kho-504-300x200.jpg 300w, https://lothuytinhvahoa.com.vn/wp-content/uploads/2020/05/Hoa-kho-504-768x512.jpg 768w, https://lothuytinhvahoa.com.vn/wp-content/uploads/2020/05/Hoa-kho-504-1536x1024.jpg 1536w, https://lothuytinhvahoa.com.vn/wp-content/uploads/2020/05/Hoa-kho-504-600x400.jpg 600w, https://lothuytinhvahoa.com.vn/wp-content/uploads/2020/05/Hoa-kho-504.jpg 1920w" alt="hoa sen khô phù hợp người mệnh hỏa" width="1024" height="683" data-srcset="https://lothuytinhvahoa.com.vn/wp-content/uploads/2020/05/Hoa-kho-504-1024x683.jpg 1024w, https://lothuytinhvahoa.com.vn/wp-content/uploads/2020/05/Hoa-kho-504-300x200.jpg 300w, https://lothuytinhvahoa.com.vn/wp-content/uploads/2020/05/Hoa-kho-504-768x512.jpg 768w, https://lothuytinhvahoa.com.vn/wp-content/uploads/2020/05/Hoa-kho-504-1536x1024.jpg 1536w, https://lothuytinhvahoa.com.vn/wp-content/uploads/2020/05/Hoa-kho-504-600x400.jpg 600w, https://lothuytinhvahoa.com.vn/wp-content/uploads/2020/05/Hoa-kho-504.jpg 1920w" data-src="https://lothuytinhvahoa.com.vn/wp-content/uploads/2020/05/Hoa-kho-504-1024x683.jpg" data-sizes="(max-width: 1024px) 100vw, 1024px" /></figure>
<p>4/ Nếu cắm lọ hoa khô cho ngưới mệnh THỔ : HỎA sinh THỔ thì sử dụng những màu sắc trong khung mệnh THỔ  hoặc màu sắc trong khung mệnh HỎA hoặc kết hợp 2 khung màu của 2 mệnh này trong bảng màu</p>
<p>Xem ảnh bạn sẽ thấy Khuê kết hợp màu hồng màu đỏ của mệnh hỏa với màu vàng , nâu của của mệnh thổ  vậy là HỎA sinh THỔ , lọ hoa này hợp với người mệnh THỔ</p>
<figure class="wp-block-image size-large"><img loading="lazy" class="wp-image-643 lazyloaded" src="https://lothuytinhvahoa.com.vn/wp-content/uploads/2020/05/Hoa-kho-505-683x1024.jpg" sizes="(max-width: 683px) 100vw, 683px" srcset="https://lothuytinhvahoa.com.vn/wp-content/uploads/2020/05/Hoa-kho-505-683x1024.jpg 683w, https://lothuytinhvahoa.com.vn/wp-content/uploads/2020/05/Hoa-kho-505-200x300.jpg 200w, https://lothuytinhvahoa.com.vn/wp-content/uploads/2020/05/Hoa-kho-505-768x1152.jpg 768w, https://lothuytinhvahoa.com.vn/wp-content/uploads/2020/05/Hoa-kho-505-1024x1536.jpg 1024w, https://lothuytinhvahoa.com.vn/wp-content/uploads/2020/05/Hoa-kho-505-600x900.jpg 600w, https://lothuytinhvahoa.com.vn/wp-content/uploads/2020/05/Hoa-kho-505-rotated.jpg 1280w" alt="hoa khô phù hợp với mệnh hỏa" width="683" height="1024" data-srcset="https://lothuytinhvahoa.com.vn/wp-content/uploads/2020/05/Hoa-kho-505-683x1024.jpg 683w, https://lothuytinhvahoa.com.vn/wp-content/uploads/2020/05/Hoa-kho-505-200x300.jpg 200w, https://lothuytinhvahoa.com.vn/wp-content/uploads/2020/05/Hoa-kho-505-768x1152.jpg 768w, https://lothuytinhvahoa.com.vn/wp-content/uploads/2020/05/Hoa-kho-505-1024x1536.jpg 1024w, https://lothuytinhvahoa.com.vn/wp-content/uploads/2020/05/Hoa-kho-505-600x900.jpg 600w, https://lothuytinhvahoa.com.vn/wp-content/uploads/2020/05/Hoa-kho-505-rotated.jpg 1280w" data-src="https://lothuytinhvahoa.com.vn/wp-content/uploads/2020/05/Hoa-kho-505-683x1024.jpg" data-sizes="(max-width: 683px) 100vw, 683px" /></figure>
<p>5/ Nếu cắm lọ hoa khô cho ngưới mệnh KIM : THỔ sinh KIM thì sử dụng những màu sắc trong khung mệnh KIM  hoặc màu sắc trong khung mệnh THỔ hoặc kết hợp 2 khung màu của 2 mệnh này trong bảng màu.</p>
<p>Xem ảnh bạn thấy Khuê sử dụng màu nâu đất của mệnh THỔ và màu trắng của mệnh KIM vậy là THỔ sinh KIM , lọ hoa khô này hợp với người mệnh KIM  nhé .</p>
<figure class="wp-block-image size-large"><img loading="lazy" class="wp-image-644 lazyloaded" src="https://lothuytinhvahoa.com.vn/wp-content/uploads/2020/05/Hoa-kho-506-683x1024.jpg" sizes="(max-width: 683px) 100vw, 683px" srcset="https://lothuytinhvahoa.com.vn/wp-content/uploads/2020/05/Hoa-kho-506-683x1024.jpg 683w, https://lothuytinhvahoa.com.vn/wp-content/uploads/2020/05/Hoa-kho-506-200x300.jpg 200w, https://lothuytinhvahoa.com.vn/wp-content/uploads/2020/05/Hoa-kho-506-768x1152.jpg 768w, https://lothuytinhvahoa.com.vn/wp-content/uploads/2020/05/Hoa-kho-506-1024x1536.jpg 1024w, https://lothuytinhvahoa.com.vn/wp-content/uploads/2020/05/Hoa-kho-506-600x900.jpg 600w, https://lothuytinhvahoa.com.vn/wp-content/uploads/2020/05/Hoa-kho-506-rotated.jpg 1280w" alt="hoa khô màu nâu đất theo mệnh thổ" width="683" height="1024" data-srcset="https://lothuytinhvahoa.com.vn/wp-content/uploads/2020/05/Hoa-kho-506-683x1024.jpg 683w, https://lothuytinhvahoa.com.vn/wp-content/uploads/2020/05/Hoa-kho-506-200x300.jpg 200w, https://lothuytinhvahoa.com.vn/wp-content/uploads/2020/05/Hoa-kho-506-768x1152.jpg 768w, https://lothuytinhvahoa.com.vn/wp-content/uploads/2020/05/Hoa-kho-506-1024x1536.jpg 1024w, https://lothuytinhvahoa.com.vn/wp-content/uploads/2020/05/Hoa-kho-506-600x900.jpg 600w, https://lothuytinhvahoa.com.vn/wp-content/uploads/2020/05/Hoa-kho-506-rotated.jpg 1280w" data-src="https://lothuytinhvahoa.com.vn/wp-content/uploads/2020/05/Hoa-kho-506-683x1024.jpg" data-sizes="(max-width: 683px) 100vw, 683px" /></figure>
<p>Vậy bạn muốn có một lọ hoa hợp phong thủy để chưng hay tặng thì ghé shop hoa khô Marguerite để đặt hoa nhé bảo đảm bạn sẽ hoàn toàn hài lòng .</p>
    <div class="related-post grid">
            <div class="post-list ">

                        <div class="item">
                    
    <a class="title post_title" post_title  href="https://lethiphuonglan.github.io/Bloom-flower/tang-hoa-kho-cho-nguoi-yeu-cu-co-phai-de-dan-mat/?related_post_from=478">
                Tặng hoa khô cho người yêu cũ có phải để dằn mặt?    </a>

        <div class="thumb post_thumb">
        <a post_thumb href="https://lethiphuonglan.github.io/Bloom-flower/tang-hoa-kho-cho-nguoi-yeu-cu-co-phai-de-dan-mat/?related_post_from=478">
            <img width="1000" height="564" src="https://lethiphuonglan.github.io/Bloom-flower/wp-content/uploads/2021/07/unsplash35-1-of-3.jpg" class="attachment-full size-full wp-post-image" alt="" loading="lazy" srcset="https://lethiphuonglan.github.io/Bloom-flower/wp-content/uploads/2021/07/unsplash35-1-of-3.jpg 1000w, https://lethiphuonglan.github.io/Bloom-flower/wp-content/uploads/2021/07/unsplash35-1-of-3-300x169.jpg 300w, https://lethiphuonglan.github.io/Bloom-flower/wp-content/uploads/2021/07/unsplash35-1-of-3-768x433.jpg 768w, https://lethiphuonglan.github.io/Bloom-flower/wp-content/uploads/2021/07/unsplash35-1-of-3-510x288.jpg 510w" sizes="(max-width: 1000px) 100vw, 1000px" />        </a>
    </div>
                    </div>
                                <div class="item">
                    
    <a class="title post_title" post_title  href="https://lethiphuonglan.github.io/Bloom-flower/bao-quan-hoa-kho-the-nao-de-hoa-ben-va-dep/?related_post_from=353">
                BẢO QUẢN HOA KHÔ THẾ NÀO ĐỂ HOA BỀN VÀ ĐẸP    </a>

        <div class="thumb post_thumb">
        <a post_thumb href="https://lethiphuonglan.github.io/Bloom-flower/bao-quan-hoa-kho-the-nao-de-hoa-ben-va-dep/?related_post_from=353">
            <img width="474" height="474" src="https://lethiphuonglan.github.io/Bloom-flower/wp-content/uploads/2021/06/262e948b88c56395be2a13f2704bc2cc.jpeg" class="attachment-full size-full wp-post-image" alt="" loading="lazy" srcset="https://lethiphuonglan.github.io/Bloom-flower/wp-content/uploads/2021/06/262e948b88c56395be2a13f2704bc2cc.jpeg 474w, https://lethiphuonglan.github.io/Bloom-flower/wp-content/uploads/2021/06/262e948b88c56395be2a13f2704bc2cc-100x100.jpeg 100w, https://lethiphuonglan.github.io/Bloom-flower/wp-content/uploads/2021/06/262e948b88c56395be2a13f2704bc2cc-416x416.jpeg 416w, https://lethiphuonglan.github.io/Bloom-flower/wp-content/uploads/2021/06/262e948b88c56395be2a13f2704bc2cc-300x300.jpeg 300w, https://lethiphuonglan.github.io/Bloom-flower/wp-content/uploads/2021/06/262e948b88c56395be2a13f2704bc2cc-150x150.jpeg 150w" sizes="(max-width: 474px) 100vw, 474px" />        </a>
    </div>
                    </div>
                                <div class="item">
                    
    <a class="title post_title" post_title  href="https://lethiphuonglan.github.io/Bloom-flower/nen-dung-hoa-kho-hay-hoa-gia-de-trang-tri-nha-cua/?related_post_from=317">
                Nên dùng hoa khô hay hoa giả để trang trí nhà cửa?    </a>

        <div class="thumb post_thumb">
        <a post_thumb href="https://lethiphuonglan.github.io/Bloom-flower/nen-dung-hoa-kho-hay-hoa-gia-de-trang-tri-nha-cua/?related_post_from=317">
            <img width="922" height="757" src="https://lethiphuonglan.github.io/Bloom-flower/wp-content/uploads/2021/07/31797e130cb4f05bed975edc08dd0325.jpeg" class="attachment-full size-full wp-post-image" alt="" loading="lazy" srcset="https://lethiphuonglan.github.io/Bloom-flower/wp-content/uploads/2021/07/31797e130cb4f05bed975edc08dd0325.jpeg 922w, https://lethiphuonglan.github.io/Bloom-flower/wp-content/uploads/2021/07/31797e130cb4f05bed975edc08dd0325-300x246.jpeg 300w, https://lethiphuonglan.github.io/Bloom-flower/wp-content/uploads/2021/07/31797e130cb4f05bed975edc08dd0325-768x631.jpeg 768w, https://lethiphuonglan.github.io/Bloom-flower/wp-content/uploads/2021/07/31797e130cb4f05bed975edc08dd0325-510x419.jpeg 510w" sizes="(max-width: 922px) 100vw, 922px" />        </a>
    </div>
                    </div>
                
    </div>
    
    <script>

        
    </script>
    <style type="text/css">
        .related-post{}
        .related-post .post-list{
                    text-align:left;
                }
        .related-post .post-list .item{
                            margin:10px;
                            padding:0px;
                }
        .related-post .headline{
                    font-size:18px !important;
                            color:#1e73be !important;
                }

        
        
                            .related-post .post-list .item .post_title{
                                                    font-size:16px;
                                                                            color:#3f3636;
                                                                            margin:10px 0px;
                                                                            padding:0px;
                                                                        display: block;
                        text-decoration: none;
                                            }
                                        .related-post .post-list .item .post_thumb{
                                                    max-height:220px;
                                                                            margin:10px 0px;
                                                                            padding:0px;
                                                                        display: block;
                                            }
                                        .related-post .post-list .item .post_excerpt{
                                                    font-size:13px;
                                                                            color:#3f3f3f;
                                                                            margin:10px 0px;
                                                                            padding:0px;
                                                                        display: block;
                        text-decoration: none;
                                            }
                    
                    @media only screen and (min-width: 1024px ){
                .related-post .post-list .item{
                    width: 45%;
                }
            }

            @media only screen and ( min-width: 768px ) and ( max-width: 1023px ) {
                .related-post .post-list .item{
                    width: 90%;
                }
            }

            @media only screen and ( min-width: 0px ) and ( max-width: 767px ){
                .related-post .post-list .item{
                    width: 90%;
                }
            }

            


    </style>
        </div>
    ]]></content:encoded>
					
					<wfw:commentRss>https://lethiphuonglan.github.io/Bloom-flower/mau-sac-cua-hoa-kho-trong-phong-thuy/feed/</wfw:commentRss>
			<slash:comments>0</slash:comments>
		
		
			</item>
		<item>
		<title>BẢO QUẢN HOA KHÔ THẾ NÀO ĐỂ HOA BỀN VÀ ĐẸP</title>
		<link>https://lethiphuonglan.github.io/Bloom-flower/bao-quan-hoa-kho-the-nao-de-hoa-ben-va-dep/</link>
					<comments>https://lethiphuonglan.github.io/Bloom-flower/bao-quan-hoa-kho-the-nao-de-hoa-ben-va-dep/#respond</comments>
		
		<dc:creator><![CDATA[lethiphuonglan]]></dc:creator>
		<pubDate>Wed, 07 Jul 2021 09:59:48 +0000</pubDate>
				<category><![CDATA[Kinh Nghiệm Hay]]></category>
		<guid isPermaLink="false">https://lethiphuonglan.github.io/Bloom-flower/?p=353</guid>

					<description><![CDATA[NGUYÊN NHÂN LÀM HOA KÉM CHẤT LƯỢNG : Hoa khô lâu ngày bị bám bụi khiến cho màu sắc hoa không còn tươi tắn và đẹp như ban đầu. Hoa bị ẩm mốc khiến cho lọ hoa khô của bạn kém phần lung linh do độ ẩm của môi trường xung quanh nơi bạn trưng [...]]]></description>
										<content:encoded><![CDATA[<h3><a href="https://lethiphuonglan.github.io/Bloom-flower/wp-content/uploads/2021/07/O1CN01ggGecs1G8J6g0d5NJ_1607270577.jpg_500x500.jpg"><img loading="lazy" class="aligncenter size-full wp-image-256" src="https://lethiphuonglan.github.io/Bloom-flower/wp-content/uploads/2021/07/O1CN01ggGecs1G8J6g0d5NJ_1607270577.jpg_500x500.jpg" alt="" width="484" height="500" srcset="https://lethiphuonglan.github.io/Bloom-flower/wp-content/uploads/2021/07/O1CN01ggGecs1G8J6g0d5NJ_1607270577.jpg_500x500.jpg 484w, https://lethiphuonglan.github.io/Bloom-flower/wp-content/uploads/2021/07/O1CN01ggGecs1G8J6g0d5NJ_1607270577.jpg_500x500-290x300.jpg 290w" sizes="(max-width: 484px) 100vw, 484px" /></a></h3>
<h3>NGUYÊN NHÂN LÀM HOA KÉM CHẤT LƯỢNG :</h3>
<ul>
<li>Hoa khô lâu ngày bị bám bụi khiến cho màu sắc hoa không còn tươi tắn và đẹp như ban đầu.</li>
<li>Hoa bị ẩm mốc khiến cho lọ hoa khô của bạn kém phần lung linh do độ ẩm của môi trường xung quanh nơi bạn trưng hoa</li>
<li>Hoa bị đỗ mồ hôi, chảy nước do độ ẩm trong không khí quá cao và phòng nơi chưng hoa không thoáng khí.</li>
<li>Hoa khô bị nhạt màu do bị ảnh hưởng bởi ánh nắng mặt trời chiếu trực tiếp thường xuyên lên hoa</li>
<li>Hoa khô bị rụng rơi nhiều .</li>
</ul>
<p><a href="https://lethiphuonglan.github.io/Bloom-flower/wp-content/uploads/2021/07/canh-bong-gon-kho-cam-lo-decor-15.jpeg"><img loading="lazy" class="aligncenter size-full wp-image-232" src="https://lethiphuonglan.github.io/Bloom-flower/wp-content/uploads/2021/07/canh-bong-gon-kho-cam-lo-decor-15.jpeg" alt="" width="1024" height="1024" srcset="https://lethiphuonglan.github.io/Bloom-flower/wp-content/uploads/2021/07/canh-bong-gon-kho-cam-lo-decor-15.jpeg 1024w, https://lethiphuonglan.github.io/Bloom-flower/wp-content/uploads/2021/07/canh-bong-gon-kho-cam-lo-decor-15-300x300.jpeg 300w, https://lethiphuonglan.github.io/Bloom-flower/wp-content/uploads/2021/07/canh-bong-gon-kho-cam-lo-decor-15-150x150.jpeg 150w, https://lethiphuonglan.github.io/Bloom-flower/wp-content/uploads/2021/07/canh-bong-gon-kho-cam-lo-decor-15-768x768.jpeg 768w, https://lethiphuonglan.github.io/Bloom-flower/wp-content/uploads/2021/07/canh-bong-gon-kho-cam-lo-decor-15-510x510.jpeg 510w, https://lethiphuonglan.github.io/Bloom-flower/wp-content/uploads/2021/07/canh-bong-gon-kho-cam-lo-decor-15-100x100.jpeg 100w" sizes="(max-width: 1024px) 100vw, 1024px" /></a></p>
<h3>CÁCH KHẮC PHỤC :</h3>
<ol>
<li><strong>Hoa bị bám bụi cũ để khắc phục tình trạng này tốt nhất bạn nên trưng hoa ở nơi ít bụi, chừng 1 tuần bạn dung máy sấy ở chế độ mát rồi sấy xung quanh hoa để bụi bay đi không còn bám trên bề mặt hoa lâu ngày sẽ làm hoa cũ</strong></li>
<li><strong>Hoa </strong><strong>khô </strong><strong>bị ẩm mốc do độ ẩm cao vì vậy bạn nên tránh trưng hoa ngay nơi máy lạnh phà trực tiếp vào hoa , tránh đặt  hoa ở trong phòng có độ ẩm cao , nếu hoa lỡ bị mốc bạn lấy bông gòn thấm nước lau sách nhẹ nhàng , rồi mang hoar a nơi tháng gió  hoặc nắng nhẹ buổi sáng sớm . tránh phơi trực tiếp dưới ánh nắng gay gắt của mặt trời buổi trưa</strong></li>
<li><strong>Hoa</strong><strong> khô</strong><strong> bị đỗ mồ hôi do độ ẩm cao và phòng không thoáng khí . bạn nên mang hoar a chỗ thoáng khí hơn , hãy mang những hoa bị đỗ mồ hôi để ngay quạt gió hoặc nơi thoáng khí có gió và nắng nhẹ .</strong></li>
<li><strong>Hoa </strong><strong>khô </strong><strong>bị nhạt màu do ánh nắng mặt trời chiếu trực tiếp, hoặc nhiệt độ phòng nơi chưng hoa cao</strong><strong>,</strong><strong> </strong>bạn nên chuyển lọ hoa đến nơi khác ngay nơi có không khí mát mẻ , thoáng khí<strong>, bạn có thể gói hoa vào giấy báo đặt hoa khô vào tủ lạnh ngăn mát trong vòng 24h  sau đó mang hoa ra chổ thoáng gió , </strong><strong>bạn cũng </strong><strong>không nên đặt hoa ngay cửa s</strong><strong>ổ</strong><strong> hoặc cửa ra vào  tránh tiếp xúc trực tiếp dưới ánh nắng mặt trời </strong><strong>bạn nhé</strong></li>
<li><strong>Hoa khô nhất là đối với hoa khô tự nhiên sẽ rất dễ bị rụng hoa ta không có cách nào để ngưng việc rụng chỉ là tránh tác động mạnh vào hoa , hoặc không di chuyển hoa quá nhiều , tránh để hoa ngay quạt hay nơi có gió lớn .</strong></li>
</ol>
<p><em>Khuê mong rằng với nhũng chia sẻ trên bạn sẽ áp dụng để bảo quản hoa được tốt nhất có thể. Tuy vậy khi lọ hoa chưng được 6 tháng đến một năm thì cũng đến lúc bạn nên thay lọ hoa để làm mới lại không gian sống của bạn nhe.Ghé shop hoa khô Marguerite để rinh những lọ hoa khô đẹp về nếu bạn thích hoa khô</em></p>
<p><a href="https://lethiphuonglan.github.io/Bloom-flower/wp-content/uploads/2021/07/562edb5ef7f1bb2e1c320431a83625b4.jpeg"><img loading="lazy" class="aligncenter size-full wp-image-196" src="https://lethiphuonglan.github.io/Bloom-flower/wp-content/uploads/2021/07/562edb5ef7f1bb2e1c320431a83625b4.jpeg" alt="" width="800" height="800" srcset="https://lethiphuonglan.github.io/Bloom-flower/wp-content/uploads/2021/07/562edb5ef7f1bb2e1c320431a83625b4.jpeg 800w, https://lethiphuonglan.github.io/Bloom-flower/wp-content/uploads/2021/07/562edb5ef7f1bb2e1c320431a83625b4-300x300.jpeg 300w, https://lethiphuonglan.github.io/Bloom-flower/wp-content/uploads/2021/07/562edb5ef7f1bb2e1c320431a83625b4-150x150.jpeg 150w, https://lethiphuonglan.github.io/Bloom-flower/wp-content/uploads/2021/07/562edb5ef7f1bb2e1c320431a83625b4-768x768.jpeg 768w, https://lethiphuonglan.github.io/Bloom-flower/wp-content/uploads/2021/07/562edb5ef7f1bb2e1c320431a83625b4-510x510.jpeg 510w, https://lethiphuonglan.github.io/Bloom-flower/wp-content/uploads/2021/07/562edb5ef7f1bb2e1c320431a83625b4-100x100.jpeg 100w" sizes="(max-width: 800px) 100vw, 800px" /></a></p>
<p>Trong tập này Khuê muốn giới thiệu với các bạn về hoa hồng khô màu trắng là loại hoa khô đẹp nhất thanh khiến nhất và cũng dễ  kết hợp nhất khi bạn cắm hoa khô .</p>
<p>Bạn sẽ thật sự ngạc nhiên và không nhận ra đâu là hoa khô và hoa tươi khi nhìn 2 đóa hoa đặt cạnh nhau nhé.</p>
<p>Hoa hồng trắng sấy khô rất mềm mại trắng tinh và thanh khiế trước khi nói về hoa hồng trắng khô Khuê muốn nói về ý nghĩa của loài hoa thanh khiết này nhe</p>
<p>Hoa hồng vốn là nữ hoàng của các loại hoa , mỗi khi ai đó nhắc đến hoa hồng như một phản xạ tự nhiên, trong đầu bạn hiện lên đó là một đóa hoa hồng nhung đỏ thắm bởi nó tượng trưng cho tình yêu nồng thắm, và khi các chàng trai lựa chọn tặng cho người yêu cũng lựa những đóa hoa hồng đỏ thắm hoặc những đóa hồng có màu sắc rực rỡ như hồng , cam, tím …. Ít ai nghĩ đến việc chọn những đóa hoa hồng trắng đúng không nào?  Đó chính là sự đặt biệt của hoa hồng trắng, hoa hồng trắng là hiện thân cho một thứ gì đó mang tính đơn giản, khiêm nhường, mộc mạc. không khoa trương. Sự thanh khiết, thanh tịnh và yên bình là những tính từ dùng để miêu tả loài hoa này.</p>
<p>Mặc dù hoa hồng trắng<strong> </strong>có vẻ giản dị, đơn sơ, không rực rỡ như những màu sắc khác nhưng bù lại, chúng có vẻ thanh tao mà ít loại hoa nào sánh được.</p>
<p>Hoa Hồng trắng luôn là sự lựa chọn cho mọi dịp đặc biệt, một món quà tuyệt vời để tỏ lòng yêu mến đối với một người bạn hay người ta thương yêu – đánh dấu <em>một khởi đầu mới</em> hoặc <em>nói thay lời muốn nói trong một dịp chia tay</em> mong sớm gặp lại .</p>
<figure class="wp-block-image size-large"><img loading="lazy" class="wp-image-175 lazyloaded" src="https://lothuytinhvahoa.com.vn/wp-content/uploads/2020/05/1392357816_w5-1024x507.jpg" sizes="(max-width: 1024px) 100vw, 1024px" srcset="https://lothuytinhvahoa.com.vn/wp-content/uploads/2020/05/1392357816_w5-1024x507.jpg 1024w, https://lothuytinhvahoa.com.vn/wp-content/uploads/2020/05/1392357816_w5-300x148.jpg 300w, https://lothuytinhvahoa.com.vn/wp-content/uploads/2020/05/1392357816_w5-768x380.jpg 768w, https://lothuytinhvahoa.com.vn/wp-content/uploads/2020/05/1392357816_w5-1536x760.jpg 1536w, https://lothuytinhvahoa.com.vn/wp-content/uploads/2020/05/1392357816_w5-600x297.jpg 600w, https://lothuytinhvahoa.com.vn/wp-content/uploads/2020/05/1392357816_w5.jpg 1880w" alt="" width="1024" height="507" data-srcset="https://lothuytinhvahoa.com.vn/wp-content/uploads/2020/05/1392357816_w5-1024x507.jpg 1024w, https://lothuytinhvahoa.com.vn/wp-content/uploads/2020/05/1392357816_w5-300x148.jpg 300w, https://lothuytinhvahoa.com.vn/wp-content/uploads/2020/05/1392357816_w5-768x380.jpg 768w, https://lothuytinhvahoa.com.vn/wp-content/uploads/2020/05/1392357816_w5-1536x760.jpg 1536w, https://lothuytinhvahoa.com.vn/wp-content/uploads/2020/05/1392357816_w5-600x297.jpg 600w, https://lothuytinhvahoa.com.vn/wp-content/uploads/2020/05/1392357816_w5.jpg 1880w" data-src="https://lothuytinhvahoa.com.vn/wp-content/uploads/2020/05/1392357816_w5-1024x507.jpg" data-sizes="(max-width: 1024px) 100vw, 1024px" /><figcaption>Hoa hồng khô trắng</figcaption></figure>
<p>Sắc trắng tinh khôi của loại hoa hồng này là biểu tượng cho <em>sự trân trọng </em>và <em>tinh tế.</em> Hơn nữa, khi tặng cho người bạn thầm yêu một bó hồng trắng, chính là bạn đang bày tỏ<em> mong muốn một mối quan hệ</em>, cũng như thể hiện <em>niềm hy vọng vào tương lai </em>của cả hai.</p>
<p>Do hoa hồng trắng là biểu tượng của sự thanh khiến tinh khôi hoa hồng trắng thường ưu tiên chọn lựa trong các tiệc cưới và trong bó hoa cầm tay của cô dâu mà thiếu hoa hồng trắng thì nó không phải là hoa cưới.</p>
<p>Trong đạo công giáo các con chiên hay chọn hoa hồng trắng để dâng lên Đức mẹ Maria bởi hoa hồng trắng tượng trưng cho ánh sáng, sự thanh bạch, niềm vui và hạnh phúc, hoa hồng trắng cũng là biểu trưng cho phẩm hạnh đáng trân quý của Đức Mẹ Đồng Trinh Maria.</p>
<p>Theo các chuyên gia về hoa, vào thời La Mã, hoa hồng trắng được cho là có sự liên hệ giữa Nữ thần Tình yêu và Sắc đẹp Aphrodite.</p>
<p>Thần thoại La Mã tin rằng tất cả các loài hoa hồng đều có màu trắng cho đến khi Nữ thần Aphrodite bị một chiếc gai đâm vào tay và từ đó, mỗi đóa hồng trắng đều mang một màu sắc đỏ thắm.</p>
<p>Rất lâu trước khi hoa hồng đỏ trở thành biểu tượng cho tình yêu chân thật, hoa hồng trắng đã được xem là loài hoa mang ý nghĩa ấy rồi.</p>
<p>Lại nói về hoa khô thì hoa hồng trắng là hoa mà các nghệ nhân thường chọn nó để cắm bởi hoa dễ phối màu , khi lên bình hoa có màu sang trọng và đẹp . Khách của shop hoa Marguerite thường chọn hoa hồng trắng khô để cắm một lọ hoa khô tặng cho mẹ của mình, một số khách chọn lọ hoa khô có hoa hồng trắng khô để dâng bàn thờ Đức Mẹ . Nhiều nhất là các cô dâu tương lai chọn hoa hồng trắng để bó một bó hoa cưới cho ngày trọng đại .</p>
<p>Tuy nhiên Khuê cũng tiết lộ cho các chàng trai biết nhe hãy chọn hay hồng khô trắng tặng nàng ấy với ý nghĩa “ Em ngây thơ,mộc mạc thanh khiết như đóa hoa này , sự mộc mạc của em đã khiến cho trái tim anh rung động , hãy cho anh một cơ hội để mở cửa trái time m nhe “</p>
<p>Giờ thì các bạn đã hiểu rõ hơn về ý nghĩa của hoa hồng trắng rồi nhe . Đã có thêm một lựa chọn cho món quà gửi đến người bạn yêu thương  một lọ hoa khô có bông hồng trắng . Lọ hoa khô của shop là hoa sấy theo công nghệ cao nên hoa rất mềm mại , màu sắc thì tươi tắn như mới hái từ vườn vào , đặt biệt là trưng rất lâu từ 6 tháng đến 1 năm mà không cần phải chăm sóc .</p>
    <div class="related-post grid">
            <div class="post-list ">

                        <div class="item">
                    
    <a class="title post_title" post_title  href="https://lethiphuonglan.github.io/Bloom-flower/tang-hoa-kho-cho-nguoi-yeu-cu-co-phai-de-dan-mat/?related_post_from=478">
                Tặng hoa khô cho người yêu cũ có phải để dằn mặt?    </a>

        <div class="thumb post_thumb">
        <a post_thumb href="https://lethiphuonglan.github.io/Bloom-flower/tang-hoa-kho-cho-nguoi-yeu-cu-co-phai-de-dan-mat/?related_post_from=478">
            <img width="1000" height="564" src="https://lethiphuonglan.github.io/Bloom-flower/wp-content/uploads/2021/07/unsplash35-1-of-3.jpg" class="attachment-full size-full wp-post-image" alt="" loading="lazy" srcset="https://lethiphuonglan.github.io/Bloom-flower/wp-content/uploads/2021/07/unsplash35-1-of-3.jpg 1000w, https://lethiphuonglan.github.io/Bloom-flower/wp-content/uploads/2021/07/unsplash35-1-of-3-300x169.jpg 300w, https://lethiphuonglan.github.io/Bloom-flower/wp-content/uploads/2021/07/unsplash35-1-of-3-768x433.jpg 768w, https://lethiphuonglan.github.io/Bloom-flower/wp-content/uploads/2021/07/unsplash35-1-of-3-510x288.jpg 510w" sizes="(max-width: 1000px) 100vw, 1000px" />        </a>
    </div>
                    </div>
                                <div class="item">
                    
    <a class="title post_title" post_title  href="https://lethiphuonglan.github.io/Bloom-flower/mau-sac-cua-hoa-kho-trong-phong-thuy/?related_post_from=355">
                MÀU SẮC CỦA HOA KHÔ TRONG PHONG THỦY    </a>

        <div class="thumb post_thumb">
        <a post_thumb href="https://lethiphuonglan.github.io/Bloom-flower/mau-sac-cua-hoa-kho-trong-phong-thuy/?related_post_from=355">
            <img width="1000" height="668" src="https://lethiphuonglan.github.io/Bloom-flower/wp-content/uploads/2021/07/unsplash39-1-of-2.jpg" class="attachment-full size-full wp-post-image" alt="" loading="lazy" srcset="https://lethiphuonglan.github.io/Bloom-flower/wp-content/uploads/2021/07/unsplash39-1-of-2.jpg 1000w, https://lethiphuonglan.github.io/Bloom-flower/wp-content/uploads/2021/07/unsplash39-1-of-2-300x200.jpg 300w, https://lethiphuonglan.github.io/Bloom-flower/wp-content/uploads/2021/07/unsplash39-1-of-2-768x513.jpg 768w, https://lethiphuonglan.github.io/Bloom-flower/wp-content/uploads/2021/07/unsplash39-1-of-2-510x341.jpg 510w" sizes="(max-width: 1000px) 100vw, 1000px" />        </a>
    </div>
                    </div>
                                <div class="item">
                    
    <a class="title post_title" post_title  href="https://lethiphuonglan.github.io/Bloom-flower/nen-dung-hoa-kho-hay-hoa-gia-de-trang-tri-nha-cua/?related_post_from=317">
                Nên dùng hoa khô hay hoa giả để trang trí nhà cửa?    </a>

        <div class="thumb post_thumb">
        <a post_thumb href="https://lethiphuonglan.github.io/Bloom-flower/nen-dung-hoa-kho-hay-hoa-gia-de-trang-tri-nha-cua/?related_post_from=317">
            <img width="922" height="757" src="https://lethiphuonglan.github.io/Bloom-flower/wp-content/uploads/2021/07/31797e130cb4f05bed975edc08dd0325.jpeg" class="attachment-full size-full wp-post-image" alt="" loading="lazy" srcset="https://lethiphuonglan.github.io/Bloom-flower/wp-content/uploads/2021/07/31797e130cb4f05bed975edc08dd0325.jpeg 922w, https://lethiphuonglan.github.io/Bloom-flower/wp-content/uploads/2021/07/31797e130cb4f05bed975edc08dd0325-300x246.jpeg 300w, https://lethiphuonglan.github.io/Bloom-flower/wp-content/uploads/2021/07/31797e130cb4f05bed975edc08dd0325-768x631.jpeg 768w, https://lethiphuonglan.github.io/Bloom-flower/wp-content/uploads/2021/07/31797e130cb4f05bed975edc08dd0325-510x419.jpeg 510w" sizes="(max-width: 922px) 100vw, 922px" />        </a>
    </div>
                    </div>
                
    </div>
    
    <script>

        
    </script>
    <style type="text/css">
        .related-post{}
        .related-post .post-list{
                    text-align:left;
                }
        .related-post .post-list .item{
                            margin:10px;
                            padding:0px;
                }
        .related-post .headline{
                    font-size:18px !important;
                            color:#1e73be !important;
                }

        
        
                            .related-post .post-list .item .post_title{
                                                    font-size:16px;
                                                                            color:#3f3636;
                                                                            margin:10px 0px;
                                                                            padding:0px;
                                                                        display: block;
                        text-decoration: none;
                                            }
                                        .related-post .post-list .item .post_thumb{
                                                    max-height:220px;
                                                                            margin:10px 0px;
                                                                            padding:0px;
                                                                        display: block;
                                            }
                                        .related-post .post-list .item .post_excerpt{
                                                    font-size:13px;
                                                                            color:#3f3f3f;
                                                                            margin:10px 0px;
                                                                            padding:0px;
                                                                        display: block;
                        text-decoration: none;
                                            }
                    
                    @media only screen and (min-width: 1024px ){
                .related-post .post-list .item{
                    width: 45%;
                }
            }

            @media only screen and ( min-width: 768px ) and ( max-width: 1023px ) {
                .related-post .post-list .item{
                    width: 90%;
                }
            }

            @media only screen and ( min-width: 0px ) and ( max-width: 767px ){
                .related-post .post-list .item{
                    width: 90%;
                }
            }

            


    </style>
        </div>
    ]]></content:encoded>
					
					<wfw:commentRss>https://lethiphuonglan.github.io/Bloom-flower/bao-quan-hoa-kho-the-nao-de-hoa-ben-va-dep/feed/</wfw:commentRss>
			<slash:comments>0</slash:comments>
		
		
			</item>
		<item>
		<title>Nên dùng hoa khô hay hoa giả để trang trí nhà cửa?</title>
		<link>https://lethiphuonglan.github.io/Bloom-flower/nen-dung-hoa-kho-hay-hoa-gia-de-trang-tri-nha-cua/</link>
					<comments>https://lethiphuonglan.github.io/Bloom-flower/nen-dung-hoa-kho-hay-hoa-gia-de-trang-tri-nha-cua/#respond</comments>
		
		<dc:creator><![CDATA[lethiphuonglan]]></dc:creator>
		<pubDate>Wed, 07 Jul 2021 07:57:53 +0000</pubDate>
				<category><![CDATA[Kinh Nghiệm Hay]]></category>
		<guid isPermaLink="false">https://lethiphuonglan.github.io/Bloom-flower/?p=317</guid>

					<description><![CDATA[Hoa khô và hoa giả có một đặc điểm là thời gian sử dụng rất lâu và tiện lợi. Loại hoa này được ưu ái khi dùng trang trí trên tường, bàn làm việc, tủ kính trong nhà và ở các quán cà phê, trà sữa. Nếu bạn đang kinh doanh hàng quán hay đang [...]]]></description>
										<content:encoded><![CDATA[		<div data-elementor-type="wp-post" data-elementor-id="317" class="elementor elementor-317" data-elementor-settings="[]">
							<div class="elementor-section-wrap">
							<section class="elementor-section elementor-top-section elementor-element elementor-element-456d63a1 elementor-section-boxed elementor-section-height-default elementor-section-height-default" data-id="456d63a1" data-element_type="section">
						<div class="elementor-container elementor-column-gap-default">
					<div class="elementor-column elementor-col-100 elementor-top-column elementor-element elementor-element-16a2a693" data-id="16a2a693" data-element_type="column">
			<div class="elementor-widget-wrap elementor-element-populated">
								<div class="elementor-element elementor-element-1044b722 elementor-widget elementor-widget-text-editor" data-id="1044b722" data-element_type="widget" data-widget_type="text-editor.default">
				<div class="elementor-widget-container">
								Hoa khô và hoa giả có một đặc điểm là thời gian sử dụng rất lâu và tiện lợi. Loại hoa này được ưu ái khi dùng trang trí trên tường, bàn làm việc, tủ kính trong nhà và ở các quán cà phê, trà sữa. Nếu bạn đang kinh doanh hàng quán hay đang có ý định mua hoa để làm đẹp thì nên cân nhắc đến những điểm sau đây.


Nên dùng hoa khô hay hoa giả để trang trí nhà cửa?

Màu sắc
Đối với nhiều loại hoa, để làm khô bạn chỉ cần để nó dưới nhiệt độ cao trong một khoảng thời gian hoặc phơi khô ngoài trời.

<a href="https://lethiphuonglan.github.io/Bloom-flower/wp-content/uploads/2021/07/5c2fe1800b7fde2d659a753a19ea6cab.jpeg"><img loading="lazy" class="aligncenter size-full wp-image-269" src="https://lethiphuonglan.github.io/Bloom-flower/wp-content/uploads/2021/07/5c2fe1800b7fde2d659a753a19ea6cab.jpeg" alt="" width="1000" height="1000" srcset="https://lethiphuonglan.github.io/Bloom-flower/wp-content/uploads/2021/07/5c2fe1800b7fde2d659a753a19ea6cab.jpeg 1000w, https://lethiphuonglan.github.io/Bloom-flower/wp-content/uploads/2021/07/5c2fe1800b7fde2d659a753a19ea6cab-300x300.jpeg 300w, https://lethiphuonglan.github.io/Bloom-flower/wp-content/uploads/2021/07/5c2fe1800b7fde2d659a753a19ea6cab-150x150.jpeg 150w, https://lethiphuonglan.github.io/Bloom-flower/wp-content/uploads/2021/07/5c2fe1800b7fde2d659a753a19ea6cab-768x768.jpeg 768w, https://lethiphuonglan.github.io/Bloom-flower/wp-content/uploads/2021/07/5c2fe1800b7fde2d659a753a19ea6cab-510x510.jpeg 510w, https://lethiphuonglan.github.io/Bloom-flower/wp-content/uploads/2021/07/5c2fe1800b7fde2d659a753a19ea6cab-100x100.jpeg 100w" sizes="(max-width: 1000px) 100vw, 1000px" /></a>

Nếu làm khô tự nhiên thì màu sắc của hoa không bắt mắt và đa dạng cho lắm. Màu thường thấy của hoa khô là nâu, tím than, đỏ sậm, trắng đục,… Nếu bạn yêu thích phong cách cổ điển và thanh tĩnh, có thể chọn loại hoa khô tự nhiên.

Nhiều loại hoa khô cũng được nhuộm màu bắt mắt như bông lau, hoa sao, lavender,…

<a href="https://lethiphuonglan.github.io/Bloom-flower/wp-content/uploads/2021/07/adab4757f16d1aa4e6ff25bcf0b909a6_tn.jpeg"><img loading="lazy" class="aligncenter size-full wp-image-239" src="https://lethiphuonglan.github.io/Bloom-flower/wp-content/uploads/2021/07/adab4757f16d1aa4e6ff25bcf0b909a6_tn.jpeg" alt="" width="320" height="320" srcset="https://lethiphuonglan.github.io/Bloom-flower/wp-content/uploads/2021/07/adab4757f16d1aa4e6ff25bcf0b909a6_tn.jpeg 320w, https://lethiphuonglan.github.io/Bloom-flower/wp-content/uploads/2021/07/adab4757f16d1aa4e6ff25bcf0b909a6_tn-300x300.jpeg 300w, https://lethiphuonglan.github.io/Bloom-flower/wp-content/uploads/2021/07/adab4757f16d1aa4e6ff25bcf0b909a6_tn-150x150.jpeg 150w, https://lethiphuonglan.github.io/Bloom-flower/wp-content/uploads/2021/07/adab4757f16d1aa4e6ff25bcf0b909a6_tn-100x100.jpeg 100w" sizes="(max-width: 320px) 100vw, 320px" /></a>

Màu sắc

Hoa giả thì màu sắc phong phú, đẹp mắt. Ưu điểm của hoa giả là có độ thật trông giống hệt hoa tươi và được kết hợp hài hòa. Nếu bạn không có nhiều thời gian chăm hoa nhưng thích trang trí rực rỡ thì hoa giả là một lựa chọn thay thế hoàn hảo.

<a href="https://lethiphuonglan.github.io/Bloom-flower/wp-content/uploads/2021/07/images.jpeg"><img loading="lazy" class="aligncenter size-full wp-image-151" src="https://lethiphuonglan.github.io/Bloom-flower/wp-content/uploads/2021/07/images.jpeg" alt="" width="225" height="225" srcset="https://lethiphuonglan.github.io/Bloom-flower/wp-content/uploads/2021/07/images.jpeg 225w, https://lethiphuonglan.github.io/Bloom-flower/wp-content/uploads/2021/07/images-150x150.jpeg 150w, https://lethiphuonglan.github.io/Bloom-flower/wp-content/uploads/2021/07/images-100x100.jpeg 100w" sizes="(max-width: 225px) 100vw, 225px" /></a>

Độ bền
Hoa khô tuy đã được tách nước nhưng do cấu tạo vẫn là thực vật nên khi khô sẽ dễ bị gãy hơn hoa giả.

Thời gian sử dụng của hoa giả rất lâu và bền. Tuy nhiên khi trang trí hoa ngoài trời sẽ dễ bị phai màu và dính bẩn.

Độ bền

Sự tiện lợi
Hoa khô được ưa chuộng dùng trong nhà hàng, quán xá vì sự tinh tế và màu sắc dịu dàng. Tuy nhiên rất khó có thể phối các loại hoa khô với nhau.

Sự tiện lợi

Có thể dùng hoa giả treo trên tường và làm dây leo, thậm chí làm đẹp bể cá, tường nhà, ban công và những nơi nghiêm trang. Ngoài ra hoa giả còn có nhiều kích cỡ và thường được sản xuất chung với bình hoa.

Giá cả
Tùy theo từng loài hoa mà giá cả sẽ khác nhau. Theo giá hoa trung bình thì hoa khô có giá thành cao hơn hoa giả do công nghệ ép hoa và nhuộm màu đòi hỏi chi phí sản xuất cao.

Hoa giả thì giá thành linh hoạt. Bên cạnh đó nếu có thời gian bạn cũng có thể tự làm hoa giả ở nhà với nguyên liệu làm hoa có bán sẵn ở các cửa hàng.

<a href="https://lethiphuonglan.github.io/Bloom-flower/wp-content/uploads/2021/07/2_af6515be704f413bbea7e2767eef78ff_grande.png"><img loading="lazy" class="aligncenter size-full wp-image-130" src="https://lethiphuonglan.github.io/Bloom-flower/wp-content/uploads/2021/07/2_af6515be704f413bbea7e2767eef78ff_grande.png" alt="" width="600" height="600" srcset="https://lethiphuonglan.github.io/Bloom-flower/wp-content/uploads/2021/07/2_af6515be704f413bbea7e2767eef78ff_grande.png 600w, https://lethiphuonglan.github.io/Bloom-flower/wp-content/uploads/2021/07/2_af6515be704f413bbea7e2767eef78ff_grande-300x300.png 300w, https://lethiphuonglan.github.io/Bloom-flower/wp-content/uploads/2021/07/2_af6515be704f413bbea7e2767eef78ff_grande-150x150.png 150w, https://lethiphuonglan.github.io/Bloom-flower/wp-content/uploads/2021/07/2_af6515be704f413bbea7e2767eef78ff_grande-510x510.png 510w, https://lethiphuonglan.github.io/Bloom-flower/wp-content/uploads/2021/07/2_af6515be704f413bbea7e2767eef78ff_grande-100x100.png 100w" sizes="(max-width: 600px) 100vw, 600px" /></a>

Trang trí nhà cửa, phòng ốc bằng hoa không chỉ là một nghệ thuật mà còn là một món ăn tinh thần. Với những thông tin trên, hy vọng bạn đã tìm được loại hoa phù hợp để tạo vẻ đẹp cho ngôi nhà và nơi kinh doanh của mình.

Nguồn tham khảo: teters.com						</div>
				</div>
					</div>
		</div>
							</div>
		</section>
						</div>
					</div>
		    <div class="related-post grid">
            <div class="post-list ">

                        <div class="item">
                    
    <a class="title post_title" post_title  href="https://lethiphuonglan.github.io/Bloom-flower/tang-hoa-kho-cho-nguoi-yeu-cu-co-phai-de-dan-mat/?related_post_from=478">
                Tặng hoa khô cho người yêu cũ có phải để dằn mặt?    </a>

        <div class="thumb post_thumb">
        <a post_thumb href="https://lethiphuonglan.github.io/Bloom-flower/tang-hoa-kho-cho-nguoi-yeu-cu-co-phai-de-dan-mat/?related_post_from=478">
            <img width="1000" height="564" src="https://lethiphuonglan.github.io/Bloom-flower/wp-content/uploads/2021/07/unsplash35-1-of-3.jpg" class="attachment-full size-full wp-post-image" alt="" loading="lazy" srcset="https://lethiphuonglan.github.io/Bloom-flower/wp-content/uploads/2021/07/unsplash35-1-of-3.jpg 1000w, https://lethiphuonglan.github.io/Bloom-flower/wp-content/uploads/2021/07/unsplash35-1-of-3-300x169.jpg 300w, https://lethiphuonglan.github.io/Bloom-flower/wp-content/uploads/2021/07/unsplash35-1-of-3-768x433.jpg 768w, https://lethiphuonglan.github.io/Bloom-flower/wp-content/uploads/2021/07/unsplash35-1-of-3-510x288.jpg 510w" sizes="(max-width: 1000px) 100vw, 1000px" />        </a>
    </div>
                    </div>
                                <div class="item">
                    
    <a class="title post_title" post_title  href="https://lethiphuonglan.github.io/Bloom-flower/mau-sac-cua-hoa-kho-trong-phong-thuy/?related_post_from=355">
                MÀU SẮC CỦA HOA KHÔ TRONG PHONG THỦY    </a>

        <div class="thumb post_thumb">
        <a post_thumb href="https://lethiphuonglan.github.io/Bloom-flower/mau-sac-cua-hoa-kho-trong-phong-thuy/?related_post_from=355">
            <img width="1000" height="668" src="https://lethiphuonglan.github.io/Bloom-flower/wp-content/uploads/2021/07/unsplash39-1-of-2.jpg" class="attachment-full size-full wp-post-image" alt="" loading="lazy" srcset="https://lethiphuonglan.github.io/Bloom-flower/wp-content/uploads/2021/07/unsplash39-1-of-2.jpg 1000w, https://lethiphuonglan.github.io/Bloom-flower/wp-content/uploads/2021/07/unsplash39-1-of-2-300x200.jpg 300w, https://lethiphuonglan.github.io/Bloom-flower/wp-content/uploads/2021/07/unsplash39-1-of-2-768x513.jpg 768w, https://lethiphuonglan.github.io/Bloom-flower/wp-content/uploads/2021/07/unsplash39-1-of-2-510x341.jpg 510w" sizes="(max-width: 1000px) 100vw, 1000px" />        </a>
    </div>
                    </div>
                                <div class="item">
                    
    <a class="title post_title" post_title  href="https://lethiphuonglan.github.io/Bloom-flower/bao-quan-hoa-kho-the-nao-de-hoa-ben-va-dep/?related_post_from=353">
                BẢO QUẢN HOA KHÔ THẾ NÀO ĐỂ HOA BỀN VÀ ĐẸP    </a>

        <div class="thumb post_thumb">
        <a post_thumb href="https://lethiphuonglan.github.io/Bloom-flower/bao-quan-hoa-kho-the-nao-de-hoa-ben-va-dep/?related_post_from=353">
            <img width="474" height="474" src="https://lethiphuonglan.github.io/Bloom-flower/wp-content/uploads/2021/06/262e948b88c56395be2a13f2704bc2cc.jpeg" class="attachment-full size-full wp-post-image" alt="" loading="lazy" srcset="https://lethiphuonglan.github.io/Bloom-flower/wp-content/uploads/2021/06/262e948b88c56395be2a13f2704bc2cc.jpeg 474w, https://lethiphuonglan.github.io/Bloom-flower/wp-content/uploads/2021/06/262e948b88c56395be2a13f2704bc2cc-100x100.jpeg 100w, https://lethiphuonglan.github.io/Bloom-flower/wp-content/uploads/2021/06/262e948b88c56395be2a13f2704bc2cc-416x416.jpeg 416w, https://lethiphuonglan.github.io/Bloom-flower/wp-content/uploads/2021/06/262e948b88c56395be2a13f2704bc2cc-300x300.jpeg 300w, https://lethiphuonglan.github.io/Bloom-flower/wp-content/uploads/2021/06/262e948b88c56395be2a13f2704bc2cc-150x150.jpeg 150w" sizes="(max-width: 474px) 100vw, 474px" />        </a>
    </div>
                    </div>
                
    </div>
    
    <script>

        
    </script>
    <style type="text/css">
        .related-post{}
        .related-post .post-list{
                    text-align:left;
                }
        .related-post .post-list .item{
                            margin:10px;
                            padding:0px;
                }
        .related-post .headline{
                    font-size:18px !important;
                            color:#1e73be !important;
                }

        
        
                            .related-post .post-list .item .post_title{
                                                    font-size:16px;
                                                                            color:#3f3636;
                                                                            margin:10px 0px;
                                                                            padding:0px;
                                                                        display: block;
                        text-decoration: none;
                                            }
                                        .related-post .post-list .item .post_thumb{
                                                    max-height:220px;
                                                                            margin:10px 0px;
                                                                            padding:0px;
                                                                        display: block;
                                            }
                                        .related-post .post-list .item .post_excerpt{
                                                    font-size:13px;
                                                                            color:#3f3f3f;
                                                                            margin:10px 0px;
                                                                            padding:0px;
                                                                        display: block;
                        text-decoration: none;
                                            }
                    
                    @media only screen and (min-width: 1024px ){
                .related-post .post-list .item{
                    width: 45%;
                }
            }

            @media only screen and ( min-width: 768px ) and ( max-width: 1023px ) {
                .related-post .post-list .item{
                    width: 90%;
                }
            }

            @media only screen and ( min-width: 0px ) and ( max-width: 767px ){
                .related-post .post-list .item{
                    width: 90%;
                }
            }

            


    </style>
        </div>
    ]]></content:encoded>
					
					<wfw:commentRss>https://lethiphuonglan.github.io/Bloom-flower/nen-dung-hoa-kho-hay-hoa-gia-de-trang-tri-nha-cua/feed/</wfw:commentRss>
			<slash:comments>0</slash:comments>
		
		
			</item>
	</channel>
</rss>
