<?xml version="1.0" encoding="UTF-8"?><rss version="2.0"
	xmlns:content="http://purl.org/rss/1.0/modules/content/"
	xmlns:dc="http://purl.org/dc/elements/1.1/"
	xmlns:atom="http://www.w3.org/2005/Atom"
	xmlns:sy="http://purl.org/rss/1.0/modules/syndication/"
	
	>
<channel>
	<title>
	Các phản hồi luận về: Nên dùng hoa khô hay hoa giả để trang trí nhà cửa?	</title>
	<atom:link href="http://localhost/myproject/wordpress/nen-dung-hoa-kho-hay-hoa-gia-de-trang-tri-nha-cua/feed/" rel="self" type="application/rss+xml" />
	<link>https://lethiphuonglan.github.io/Bloom-flower/nen-dung-hoa-kho-hay-hoa-gia-de-trang-tri-nha-cua/</link>
	<description>Let flowers speak for you!</description>
	<lastBuildDate>Wed, 07 Jul 2021 08:01:40 +0000</lastBuildDate>
	<sy:updatePeriod>
	hourly	</sy:updatePeriod>
	<sy:updateFrequency>
	1	</sy:updateFrequency>
	<generator>https://wordpress.org/?v=5.7.2</generator>
</channel>
</rss>
