<?xml version="1.0" encoding="UTF-8"?><rss version="2.0"
	xmlns:content="http://purl.org/rss/1.0/modules/content/"
	xmlns:wfw="http://wellformedweb.org/CommentAPI/"
	xmlns:dc="http://purl.org/dc/elements/1.1/"
	xmlns:atom="http://www.w3.org/2005/Atom"
	xmlns:sy="http://purl.org/rss/1.0/modules/syndication/"
	xmlns:slash="http://purl.org/rss/1.0/modules/slash/"
	>

<channel>
	<title>HOA LẺ (THEO CÀNH) &#8211; Bloom Flower</title>
	<atom:link href="http://localhost/myproject/wordpress/danh-muc-san-pham/hoa-kho/hoa-le-theo-canh/feed/" rel="self" type="application/rss+xml" />
	<link>https://lethiphuonglan.github.io/Bloom-flower</link>
	<description>Let flowers speak for you!</description>
	<lastBuildDate>Tue, 06 Jul 2021 19:22:56 +0000</lastBuildDate>
	<language>vi</language>
	<sy:updatePeriod>
	hourly	</sy:updatePeriod>
	<sy:updateFrequency>
	1	</sy:updateFrequency>
	<generator>https://wordpress.org/?v=5.7.2</generator>

<image>
	<url>https://lethiphuonglan.github.io/Bloom-flower/wp-content/uploads/2021/07/cropped-c1ccc56ac57d55e50ef33edf2eae586e-1-32x32.jpeg</url>
	<title>HOA LẺ (THEO CÀNH) &#8211; Bloom Flower</title>
	<link>https://lethiphuonglan.github.io/Bloom-flower</link>
	<width>32</width>
	<height>32</height>
</image> 
	<item>
		<title>HOA THÔNG MANDALA</title>
		<link>https://lethiphuonglan.github.io/Bloom-flower/san-pham/hoa-thong-mandala/</link>
					<comments>https://lethiphuonglan.github.io/Bloom-flower/san-pham/hoa-thong-mandala/#respond</comments>
		
		<dc:creator><![CDATA[lethiphuonglan]]></dc:creator>
		<pubDate>Tue, 06 Jul 2021 19:05:24 +0000</pubDate>
				<guid isPermaLink="false">https://lethiphuonglan.github.io/Bloom-flower/?post_type=product&#038;p=259</guid>

					<description><![CDATA[<p>✪ Chất Liệu: thông sấy khô<br />
✪ Định lượng: 1 cành<br />
✪ Chiều dài đầu bông nhỏ: 7cm<br />
✪ Chiều dài cả cành: ~40cm</p>
<p>Bài viết <a rel="nofollow" href="https://lethiphuonglan.github.io/Bloom-flower/san-pham/hoa-thong-mandala/">HOA THÔNG MANDALA</a> đã xuất hiện đầu tiên vào ngày <a rel="nofollow" href="https://lethiphuonglan.github.io/Bloom-flower">Bloom Flower</a>.</p>
]]></description>
										<content:encoded><![CDATA[<p>HOA THÔNG MANDALA <img src="https://s.w.org/images/core/emoji/13.0.1/72x72/1f96d.png" alt="🥭" class="wp-smiley" style="height: 1em; max-height: 1em;" />FREESHIP<img src="https://s.w.org/images/core/emoji/13.0.1/72x72/1f96d.png" alt="🥭" class="wp-smiley" style="height: 1em; max-height: 1em;" />decor trang trí Vintage, trang trí resin, handmade &#8211; Lẻ cành đẹp</p>
<p>XIN QUÝ KHÁCH VUI LÒNG ĐỌC KỸ MÔ TẢ SẢN PHẨM TRƯỚC KHI MUA!</p>
<p><img src="https://s.w.org/images/core/emoji/13.0.1/72x72/1f96d.png" alt="🥭" class="wp-smiley" style="height: 1em; max-height: 1em;" /> Mô tả sản Phẩm <img src="https://s.w.org/images/core/emoji/13.0.1/72x72/1f96d.png" alt="🥭" class="wp-smiley" style="height: 1em; max-height: 1em;" /><br />
✪ Tên: HOA THÔNG MANDALA<br />
✪ Màu sắc: bấm phân loại sp để chọn màu<br />
✪ Chất Liệu: thông sấy khô<br />
✪ Định lượng: 1 cành<br />
✪ Chiều dài đầu bông nhỏ: 7cm<br />
✪ Chiều dài cả cành: ~40cm<br />
Hoa dạng cánh rời, kích thước đường kính khoảng 7 cm, để bảo vệ đầu hoa, tớ xin phép trụ và đầu hoa được vận chuyển riêng, bạn có thể cắm hoa sau khi nhận hàng. Chiều dài mặc định là 40 cm hoặc có thể cắt ngắn đi nếu bạn thích.</p>
<p>Tớ yêu thích hoa nên chỉ nhập hàng loại 1 mà tớ thấy đẹp nhất, coi bán hàng là đam mê nên giá luôn tốt và rẻ nha^^<br />
Các nàng mua hoa nhà tớ luôn được tặng thêm hoa, đóng gói hộp giấy cẩn thận ạ<br />
Nếu bạn nào mua làm quà tặng có thể nhắn shop cột thêm ruy băng cho xinh nè ^^<br />
Hàng nhà mình đều có sẵn, nên các cậu cứ thế cho vào giỏ hàng và thanh toán thôi nhé.</p>
<p><img src="https://s.w.org/images/core/emoji/13.0.1/72x72/1f341.png" alt="🍁" class="wp-smiley" style="height: 1em; max-height: 1em;" /><img src="https://s.w.org/images/core/emoji/13.0.1/72x72/1f341.png" alt="🍁" class="wp-smiley" style="height: 1em; max-height: 1em;" />QUYỀN LỢI KHÁCH HÀNG<img src="https://s.w.org/images/core/emoji/13.0.1/72x72/1f341.png" alt="🍁" class="wp-smiley" style="height: 1em; max-height: 1em;" /><img src="https://s.w.org/images/core/emoji/13.0.1/72x72/1f341.png" alt="🍁" class="wp-smiley" style="height: 1em; max-height: 1em;" /><br />
<img src="https://s.w.org/images/core/emoji/13.0.1/72x72/2714.png" alt="✔" class="wp-smiley" style="height: 1em; max-height: 1em;" /> Trường hợp sản phẩm không đúng như mô tả, sai sp, sai số lượng, hàng lỗi, hàng hư trong quá trình vận chuyển,&#8230; Inbox ngay cho shop để tớ hướng dẫn trả hàng, hoàn tiền một cách nhanh chóng nhất.<br />
<img src="https://s.w.org/images/core/emoji/13.0.1/72x72/2714.png" alt="✔" class="wp-smiley" style="height: 1em; max-height: 1em;" /> Dành tặng Voucher giảm 10% cho KH đánh giá 5* đính kèm hình ảnh sản phẩm ạ.</p>
<p><img src="https://s.w.org/images/core/emoji/13.0.1/72x72/1f341.png" alt="🍁" class="wp-smiley" style="height: 1em; max-height: 1em;" /><img src="https://s.w.org/images/core/emoji/13.0.1/72x72/1f341.png" alt="🍁" class="wp-smiley" style="height: 1em; max-height: 1em;" />LƯU Ý SỬ DỤNG<img src="https://s.w.org/images/core/emoji/13.0.1/72x72/1f341.png" alt="🍁" class="wp-smiley" style="height: 1em; max-height: 1em;" /><img src="https://s.w.org/images/core/emoji/13.0.1/72x72/1f341.png" alt="🍁" class="wp-smiley" style="height: 1em; max-height: 1em;" /><br />
✪ Cách bảo quản hoa: không để hoa ẩm (ko tưới nước, để nơi khô thoáng), không phơi dưới ánh nắng gắt trực tiếp, hạn chế sờ miết hoa.<br />
✪ Dịu dàng với hoa nhé các cậu.<br />
✪ Màu sắc hình ảnh có thể đậm hoặc nhạt hơn màu thực tế do chế độ hiển thị trên mỗi thiết bị khác nhau.</p>
<p>Bài viết <a rel="nofollow" href="https://lethiphuonglan.github.io/Bloom-flower/san-pham/hoa-thong-mandala/">HOA THÔNG MANDALA</a> đã xuất hiện đầu tiên vào ngày <a rel="nofollow" href="https://lethiphuonglan.github.io/Bloom-flower">Bloom Flower</a>.</p>
]]></content:encoded>
					
					<wfw:commentRss>https://lethiphuonglan.github.io/Bloom-flower/san-pham/hoa-thong-mandala/feed/</wfw:commentRss>
			<slash:comments>0</slash:comments>
		
		
			</item>
		<item>
		<title>Hoa Hồng Mẫu Đơn bằng lụa</title>
		<link>https://lethiphuonglan.github.io/Bloom-flower/san-pham/hoa-hong-mau-don-bang-lua/</link>
					<comments>https://lethiphuonglan.github.io/Bloom-flower/san-pham/hoa-hong-mau-don-bang-lua/#respond</comments>
		
		<dc:creator><![CDATA[lethiphuonglan]]></dc:creator>
		<pubDate>Tue, 06 Jul 2021 18:41:45 +0000</pubDate>
				<guid isPermaLink="false">https://lethiphuonglan.github.io/Bloom-flower/?post_type=product&#038;p=243</guid>

					<description><![CDATA[<ul>
<li>Dài cành 61 cm</li>
<li>Bông hoa rộng 8-9cm</li>
</ul>
<p>Bài viết <a rel="nofollow" href="https://lethiphuonglan.github.io/Bloom-flower/san-pham/hoa-hong-mau-don-bang-lua/">Hoa Hồng Mẫu Đơn bằng lụa</a> đã xuất hiện đầu tiên vào ngày <a rel="nofollow" href="https://lethiphuonglan.github.io/Bloom-flower">Bloom Flower</a>.</p>
]]></description>
										<content:encoded><![CDATA[<p><img src="https://s.w.org/images/core/emoji/13.0.1/72x72/1f497.png" alt="💗" class="wp-smiley" style="height: 1em; max-height: 1em;" />Lưu ý với khách hàng: Đây là Hoa hồng kiểu bông như hoa mẫu đơn cành 3 bông loại cao cấp nhất, là loại có nụ hoa cao hơn 2 bông hoa lớn, và bông hoa rộng hơn (8-9cm)<br />
<img src="https://s.w.org/images/core/emoji/13.0.1/72x72/1f497.png" alt="💗" class="wp-smiley" style="height: 1em; max-height: 1em;" />Bông hoa được làm hoàn toàn bằng vải lụa phủ sáp uốn cong, sờ cực mềm và mịn, màu sắc tươi giống thật 99%<br />
<img src="https://s.w.org/images/core/emoji/13.0.1/72x72/1f497.png" alt="💗" class="wp-smiley" style="height: 1em; max-height: 1em;" />Hoa nở vừa đều đẹp, Lớp cắt dập tinh tế không lộ liễu<br />
&#8211; cành lá và thân làm tự nhựa PVC, thân có lõi kim loại có thể uốn cong hoặc cắt ngắn tùy ý. Lá có thể tháo lắp<br />
&#8211; Một bình cắm khoảng 5- 10 cành ứng dụng trong cắm lọ trang trí nhà cửa hoặc đám cưới cực kỳ sang trọng<br />
Đạo cụ chụp ảnh sản phẩm, Trang trí bàn ăn,nhà bếp, quán cafe trà sữa, Trang trí tủ bằng trang điểm giá sách &#8230;</p>
<p><img src="https://s.w.org/images/core/emoji/13.0.1/72x72/2705.png" alt="✅" class="wp-smiley" style="height: 1em; max-height: 1em;" /> Kích thước sản phẩm:<br />
Dài cành 61 cm<br />
Bông hoa rộng 8-9cm</p>
<p><img src="https://s.w.org/images/core/emoji/13.0.1/72x72/2705.png" alt="✅" class="wp-smiley" style="height: 1em; max-height: 1em;" /> Sản phẩm bao gồm 1 cành, 2 bông hoa lớn và 1 nụ hoa và lá (hình số 5)<br />
Khách hàng Vui lòng chọn đúng phân loại màu sắc, Shop sẽ đóng theo đúng phân loại khách chọn</p>
<p>Bài viết <a rel="nofollow" href="https://lethiphuonglan.github.io/Bloom-flower/san-pham/hoa-hong-mau-don-bang-lua/">Hoa Hồng Mẫu Đơn bằng lụa</a> đã xuất hiện đầu tiên vào ngày <a rel="nofollow" href="https://lethiphuonglan.github.io/Bloom-flower">Bloom Flower</a>.</p>
]]></content:encoded>
					
					<wfw:commentRss>https://lethiphuonglan.github.io/Bloom-flower/san-pham/hoa-hong-mau-don-bang-lua/feed/</wfw:commentRss>
			<slash:comments>0</slash:comments>
		
		
			</item>
		<item>
		<title>Hoa khô Bông gòn &#8211; Vintage</title>
		<link>https://lethiphuonglan.github.io/Bloom-flower/san-pham/hoa-kho-bong-gon-vintage/</link>
					<comments>https://lethiphuonglan.github.io/Bloom-flower/san-pham/hoa-kho-bong-gon-vintage/#respond</comments>
		
		<dc:creator><![CDATA[lethiphuonglan]]></dc:creator>
		<pubDate>Tue, 06 Jul 2021 18:26:51 +0000</pubDate>
				<guid isPermaLink="false">https://lethiphuonglan.github.io/Bloom-flower/?post_type=product&#038;p=229</guid>

					<description><![CDATA[<p>+Hàng Loại 1 - Bông to đều kích thước khoảng 6cm<br />
+Cành dài 59 cm<br />
+Gồm 10 bông gạo bông gòn<br />
+Thân bằng sắt mảnh cuốn sáp màu gỗ nhìn rất tự nhiên có thể uốn theo chiều cao của bình</p>
<p>Bài viết <a rel="nofollow" href="https://lethiphuonglan.github.io/Bloom-flower/san-pham/hoa-kho-bong-gon-vintage/">Hoa khô Bông gòn &#8211; Vintage</a> đã xuất hiện đầu tiên vào ngày <a rel="nofollow" href="https://lethiphuonglan.github.io/Bloom-flower">Bloom Flower</a>.</p>
]]></description>
										<content:encoded><![CDATA[<p>&#8211; Giới Thiệu : Cây Bông Gòn còn được gọi là cây gòn, cây bông lụa, cây bông Java&#8230;Có tên khoa học: Ceiba pentandra, là một loài cây nhiệt đới thuộc bộ Cẩm quỳ (Malvales) trước đây được tách ra trong họ riêng gọi là họ Gạo (Bombacaceae), có nguồn gốc ở Mexico, Trung Mỹ, Caribe, miền bắc Nam Mỹ và khu vực nhiệt đới miền tây châu Phi.</p>
<p>&#8211; Ý Nghĩa : Tại sao nên mua Cành Cây Bông Gòn giả để làm điểm nhấn cho phong cách trang trí phòng khách của bạn?</p>
<p>Cành Hoa Bông Gòn giả với một màu trắng tinh khôi tự do tự tại làm ta liên tưởng đến những bông gạo hay những bông hoa tuyết làm ta không ngừng bị cuốn hút bởi vẻ đẹp của nó.</p>
<p>Nếu như bạn là một người cảm mến vẻ đẹp của thiết kế này thì bạn có thể lựa chọn dùng cây giả trang trí Cành Hoa Bông Gòn giả để có thể trưng bày nó trong không gian sống của mình. Sản phẩm Cành Cây Bông Gòn giả là một sản phẩm mới tại The Muse mang trong mình một màu sắc ấn tượng vừa giúp bạn tiết kiệm được thời gian mà bạn vừa có thể sở hữu một màu sắc tinh khôi, nhã nhặn trong không gian nội thất của mình.</p>
<p><img src="https://s.w.org/images/core/emoji/13.0.1/72x72/2764.png" alt="❤" class="wp-smiley" style="height: 1em; max-height: 1em;" /><img src="https://s.w.org/images/core/emoji/13.0.1/72x72/2764.png" alt="❤" class="wp-smiley" style="height: 1em; max-height: 1em;" /><img src="https://s.w.org/images/core/emoji/13.0.1/72x72/2764.png" alt="❤" class="wp-smiley" style="height: 1em; max-height: 1em;" /> Mô Tả Sản Phẩm <img src="https://s.w.org/images/core/emoji/13.0.1/72x72/2764.png" alt="❤" class="wp-smiley" style="height: 1em; max-height: 1em;" /><img src="https://s.w.org/images/core/emoji/13.0.1/72x72/2764.png" alt="❤" class="wp-smiley" style="height: 1em; max-height: 1em;" /><img src="https://s.w.org/images/core/emoji/13.0.1/72x72/2764.png" alt="❤" class="wp-smiley" style="height: 1em; max-height: 1em;" /><br />
+Hàng Loại 1 &#8211; Bông to đều kích thước khoảng 6cm<br />
+Cành dài 59 cm<br />
+Gồm 10 bông gạo bông gòn<br />
+Thân bằng sắt mảnh cuốn sáp màu gỗ nhìn rất tự nhiên có thể uốn theo chiều cao của bình</p>
<p>&#8211; Hướng Dẫn Sử Dụng : đầu tiên bạn nên chọn những chiếc bình theo hơi hướng cổ , cũ 1 chút , hoặc bạn có thể sáng tạo bằng bất kì đồ dùng j ví dụ như Ô doa tưới nước cũ , bình rựu sâm-panh hết , tích tước cũ , chum , vại&#8230; sau đó bạn chọn khoang 5-6 cành cho bình cỡ vừa , 8-10 cành cho bình cỡ lớn nhé<br />
Bạn hoàn toàn có thể kết hợp những bông gạo này với cành Đào đông , cành lựu &#8230; sẽ rất tuyệt đó ạ</p>
<p>&#8211; Bảo quản : Vì cành Hoa Gạo Bông Gòn là thuộc dạng hoa khô bởi tiết trời khí hậu nhiệt đới gió mùa ở VN nên rất dễ bị mốc đặc biết trong những khoảng thời gian nồm ẩm và giao mua hoặc mùa mưa nên bạn cần để nơi khô rao thoáng mát, thi thoảng vệ sinh bằng khăn khô cho đỡ bụi để tăng thời gian trang trí lên cao hơn bạn nha. Nếu chẳng may trong quá trình vận chuyển hoặc sử dụng độ khô ráo không được đảm bảo thì cũng đừng quá lo lắng, vì đã có cách giải quyết . sau khi xuất hiện hượng tượng mốc bạn có thể dùng khăn khô , bàn chải đánh răng khô &#8230;. đánh những những vết mốc đi rồi sau đó đem phơi dưới nắng hoặc dùng máy sấy sấy xuôi theo chiều Bông Nụ để đảm bảo cho Bông được khô nhất . là chúng ta có thể kéo dài thời gian sử dụng SP đó</p>
<p>Bài viết <a rel="nofollow" href="https://lethiphuonglan.github.io/Bloom-flower/san-pham/hoa-kho-bong-gon-vintage/">Hoa khô Bông gòn &#8211; Vintage</a> đã xuất hiện đầu tiên vào ngày <a rel="nofollow" href="https://lethiphuonglan.github.io/Bloom-flower">Bloom Flower</a>.</p>
]]></content:encoded>
					
					<wfw:commentRss>https://lethiphuonglan.github.io/Bloom-flower/san-pham/hoa-kho-bong-gon-vintage/feed/</wfw:commentRss>
			<slash:comments>0</slash:comments>
		
		
			</item>
		<item>
		<title>Hoa khô Kim Cương Nigella</title>
		<link>https://lethiphuonglan.github.io/Bloom-flower/san-pham/hoa-kho-kim-cuong-nigella/</link>
					<comments>https://lethiphuonglan.github.io/Bloom-flower/san-pham/hoa-kho-kim-cuong-nigella/#respond</comments>
		
		<dc:creator><![CDATA[lethiphuonglan]]></dc:creator>
		<pubDate>Tue, 06 Jul 2021 18:08:32 +0000</pubDate>
				<guid isPermaLink="false">https://lethiphuonglan.github.io/Bloom-flower/?post_type=product&#038;p=202</guid>

					<description><![CDATA[<p>✪ Tên: Hoa Nigella / Hoa Kim Cương / Hoa ''Love in a Mist''<br />
✪ Chất Liệu: Hoa thật sấy khô / ướp màu.<br />
✪ Định lượng: 1 bó gồm 5 bông hoa / 10 bông hoa<br />
✪ Màu sắc : trắng / hồng / xanh</p>
<p>Bài viết <a rel="nofollow" href="https://lethiphuonglan.github.io/Bloom-flower/san-pham/hoa-kho-kim-cuong-nigella/">Hoa khô Kim Cương Nigella</a> đã xuất hiện đầu tiên vào ngày <a rel="nofollow" href="https://lethiphuonglan.github.io/Bloom-flower">Bloom Flower</a>.</p>
]]></description>
										<content:encoded><![CDATA[<p>Khách hàng vui lòng đọc phần mô tả sản phẩm trước khi mua nhé &lt;3</p>
<p><img src="https://s.w.org/images/core/emoji/13.0.1/72x72/1f3af.png" alt="🎯" class="wp-smiley" style="height: 1em; max-height: 1em;" /> Mô tả sản Phẩm <img src="https://s.w.org/images/core/emoji/13.0.1/72x72/1f3af.png" alt="🎯" class="wp-smiley" style="height: 1em; max-height: 1em;" /><br />
✪ Tên: Hoa Nigella / Hoa Kim Cương / Hoa &#8221;Love in a Mist&#8221;<br />
✪ Chất Liệu: Hoa thật sấy khô / ướp màu.<br />
✪ Định lượng: 1 bó gồm 5 bông hoa / 10 bông hoa<br />
✪ Màu sắc : trắng / hồng / xanh / đỏ / vàng &#8230;<br />
✪ Hoa Nigella / Hoa kim cương (Love in a Mist) có tên tiếng Italy là Nigella Damascena (tình yêu trong sương) tại Việt Nam được nhiều bạn trẻ gọi với cái tên hoa tình yêu. Hoa kim cương thuộc họ mao lương. Có nguồn gốc từ châu Âu. hoa có hình bát giác với các đường nét mạnh mẽ , kiêu hãnh như viên kim cương.<br />
Hoa mang vẻ đẹp hiện đại , góc cạnh , ấn tượng lạ mắt , hoa được nhuộm nhiều gam màu khá xinh .<br />
Hoa Nigella chưng được lâu , cành khá cứng cáp , hoa khô nhưng luôn luôn đứng dáng.</p>
<p>✪ Note: Đây là cành hoa tự nhiên được sấy khô/ ướp màu thủ công nên mỗi đợt sản phẩm có thể chênh lệch chút về màu sắc, không giống nhau hoàn toàn được ạ . do đó có thể màu sắc giữa ảnh mô tả và hàng thực tế có thể chênh lệch 1 chút , quý khách có thể chat với shop để yêu cầu xem màu sắc hiện tại trước khi đặt đơn nha</p>
<p>Bài viết <a rel="nofollow" href="https://lethiphuonglan.github.io/Bloom-flower/san-pham/hoa-kho-kim-cuong-nigella/">Hoa khô Kim Cương Nigella</a> đã xuất hiện đầu tiên vào ngày <a rel="nofollow" href="https://lethiphuonglan.github.io/Bloom-flower">Bloom Flower</a>.</p>
]]></content:encoded>
					
					<wfw:commentRss>https://lethiphuonglan.github.io/Bloom-flower/san-pham/hoa-kho-kim-cuong-nigella/feed/</wfw:commentRss>
			<slash:comments>0</slash:comments>
		
		
			</item>
		<item>
		<title>Hoa khô Craspedia Billy decor phong cách Bắc Âu</title>
		<link>https://lethiphuonglan.github.io/Bloom-flower/san-pham/hoa-kho-craspedia-billy-decor-phong-cach-bac-au/</link>
					<comments>https://lethiphuonglan.github.io/Bloom-flower/san-pham/hoa-kho-craspedia-billy-decor-phong-cach-bac-au/#respond</comments>
		
		<dc:creator><![CDATA[lethiphuonglan]]></dc:creator>
		<pubDate>Tue, 06 Jul 2021 17:59:03 +0000</pubDate>
				<guid isPermaLink="false">https://lethiphuonglan.github.io/Bloom-flower/?post_type=product&#038;p=194</guid>

					<description><![CDATA[<p>Tên gọi khác: Hoa Cúc Vàng Nút Áo Sấy Khô</p>
<p>Bài viết <a rel="nofollow" href="https://lethiphuonglan.github.io/Bloom-flower/san-pham/hoa-kho-craspedia-billy-decor-phong-cach-bac-au/">Hoa khô Craspedia Billy decor phong cách Bắc Âu</a> đã xuất hiện đầu tiên vào ngày <a rel="nofollow" href="https://lethiphuonglan.github.io/Bloom-flower">Bloom Flower</a>.</p>
]]></description>
										<content:encoded><![CDATA[<p>Hoa Cúc Vàng Nút Áo Sấy Khô<br />
Nút áo là tên gọi thân thương của loài hoa Craspedia, thuộc họ Cúc. Hoa nút áo được biết đến lần đầu tiên từ thế kỷ 17 và từ đó, nó luôn khiến con người mê mẩn bởi vẻ đẹp mộc mạc, mảnh mai nhưng không hề thua kém bất kỳ loài hoa nào về độ kiêu sa.</p>
<p>Từng có một thời gian, hoa nút áo &#8220;thống trị&#8221; hầu hết mọi gia đình ở các nước châu Âu. Nhà nào cũng cắm một lọ hoa nút áo để trang trí ở các phòng.</p>
<p>*LƯU Ý KHI SỬ DỤNG<br />
+ Cành dài trên 40cm nên cắm bình cao ( bằng 1 nửa chiều dài của hoa ) hoặc làm điểm nhấn cho hoa phụ.<br />
+Bảo quản : chưng hoa nơi khô ráo , thoáng mát , thi thoảng khênh ra phơi nắng nha. Đặc biệt tránh những khu vực ẩm thấp, hoặc tưới hoa @@<br />
+ Nâng niu từng cọng hoa nha!</p>
<p>***LƯU Ý DÀNH RIÊNG CHO KHÁCH HÀNG QUAY LẠI MUA HÀNG<br />
&#8211; Đối với khách hàng đã mua bên mình và đánh giá 5 sao cho sản phẩm, khi mua lại sẽ được khuyến mại 10% áp dụng trực tiếp trên định lượng hoa trên đơn hàng mới nha!!!<br />
&#8211; Với khách hàng nhận sảm phẩm lỗi vui lòng inbox hoặc gọi điện trực tiếp để được hỗ trợ thủ tục trả hàng/hoàn tiền chứ đùng vội đánh giá 1 sao, tội nghiệp shop :&lt; . Trước khi gửi hàng Dix cũng đã cố gắng chọn lựa và gửi những sản phẩm tốt nhất có thể.</p>
<p>Bài viết <a rel="nofollow" href="https://lethiphuonglan.github.io/Bloom-flower/san-pham/hoa-kho-craspedia-billy-decor-phong-cach-bac-au/">Hoa khô Craspedia Billy decor phong cách Bắc Âu</a> đã xuất hiện đầu tiên vào ngày <a rel="nofollow" href="https://lethiphuonglan.github.io/Bloom-flower">Bloom Flower</a>.</p>
]]></content:encoded>
					
					<wfw:commentRss>https://lethiphuonglan.github.io/Bloom-flower/san-pham/hoa-kho-craspedia-billy-decor-phong-cach-bac-au/feed/</wfw:commentRss>
			<slash:comments>0</slash:comments>
		
		
			</item>
		<item>
		<title>Hoa baby khô decor</title>
		<link>https://lethiphuonglan.github.io/Bloom-flower/san-pham/hoa-baby-kho-decor/</link>
					<comments>https://lethiphuonglan.github.io/Bloom-flower/san-pham/hoa-baby-kho-decor/#respond</comments>
		
		<dc:creator><![CDATA[lethiphuonglan]]></dc:creator>
		<pubDate>Tue, 06 Jul 2021 17:46:15 +0000</pubDate>
				<guid isPermaLink="false">https://lethiphuonglan.github.io/Bloom-flower/?post_type=product&#038;p=178</guid>

					<description><![CDATA[<p>✪ Tên: Hoa Baby Khô<br />
✪ Màu sắc: bấm phân loại sản phẩm để chọn màu<br />
✪ Chất Liệu: Hoa thật sấy khô<br />
✪ Định lượng: 1 phần gồm 1 đến 5 cành, mỗi cành gồm nhiều nhánh hoa nhỏ.<br />
✪ Chiều dài cả cành ~45cm</p>
<p>Bài viết <a rel="nofollow" href="https://lethiphuonglan.github.io/Bloom-flower/san-pham/hoa-baby-kho-decor/">Hoa baby khô decor</a> đã xuất hiện đầu tiên vào ngày <a rel="nofollow" href="https://lethiphuonglan.github.io/Bloom-flower">Bloom Flower</a>.</p>
]]></description>
										<content:encoded><![CDATA[<p>XIN QUÝ KHÁCH VUI LÒNG ĐỌC KỸ MÔ TẢ SẢN PHẨM TRƯỚC KHI MUA!<br />
<img src="https://s.w.org/images/core/emoji/13.0.1/72x72/1f338.png" alt="🌸" class="wp-smiley" style="height: 1em; max-height: 1em;" />Mô tả sản phẩm<img src="https://s.w.org/images/core/emoji/13.0.1/72x72/1f338.png" alt="🌸" class="wp-smiley" style="height: 1em; max-height: 1em;" /><br />
✪ Tên: Hoa Baby Khô<br />
✪ Màu sắc: bấm phân loại sp để chọn màu<br />
✪ Chất Liệu: Hoa thật sấy khô<br />
✪ Định lượng: 1 phần gồm 1 cành<br />
✪ Chiều dài cả cành ~45cm</p>
<p>✪ Note: Hoa mỗi đợt sẽ khác chút xíu do thổ nhưỡng và khí hậu mùa thu hoạch! Đảm bảo vẫn đẹp cho các nàng ạ.</p>
<p>➤➤PHIÊU CAM KẾT➤➤<br />
Tớ bán hàng lấy uy tín làm đầu. Cam kết ảnh sao hàng vậy. Hoa cũng có nhiều loại, hàng loại 1,2,3 và A,B,C =&gt; shop mình duy chỉ nhập hàng loại 1 và Grade A cao cấp nhất với giá cực kì ưu đãi.<br />
<img src="https://s.w.org/images/core/emoji/13.0.1/72x72/2714.png" alt="✔" class="wp-smiley" style="height: 1em; max-height: 1em;" /> Về sản phẩm: Cam kết về chất lượng, số lượng như mô tả (luôn lấy dư cho khách, KH yên tâm ạ).<br />
<img src="https://s.w.org/images/core/emoji/13.0.1/72x72/2714.png" alt="✔" class="wp-smiley" style="height: 1em; max-height: 1em;" /> Về đóng gói: Đóng thùng carton cao cấp, cứng, bảo vệ hoa tối đa, hàng nguyên vẹn khi đến tay khách.<br />
<img src="https://s.w.org/images/core/emoji/13.0.1/72x72/2714.png" alt="✔" class="wp-smiley" style="height: 1em; max-height: 1em;" /> Về dịch vụ: Mình sẽ trả lời hết những thắc mắc xoay quanh sp.<br />
<img src="https://s.w.org/images/core/emoji/13.0.1/72x72/2714.png" alt="✔" class="wp-smiley" style="height: 1em; max-height: 1em;" /> Thời gian chuẩn bị hàng: trong vòng 48h.</p>
<p>➤➤QUYỀN LỢI KHÁCH HÀNG➤➤<br />
<img src="https://s.w.org/images/core/emoji/13.0.1/72x72/2714.png" alt="✔" class="wp-smiley" style="height: 1em; max-height: 1em;" /> Trường hợp sản phẩm không đúng như mô tả, sai sp, sai số lượng, hàng lỗi, hàng hư trong quá trình vận chuyển,&#8230; Inbox ngay cho shop để tớ hướng dẫn trả hàng, hoàn tiền một cách nhanh chóng nhất.<br />
<img src="https://s.w.org/images/core/emoji/13.0.1/72x72/2714.png" alt="✔" class="wp-smiley" style="height: 1em; max-height: 1em;" /> Dành tặng Voucher giảm 10% cho KH đánh giá 5* đính kèm hình ảnh sản phẩm ạ.</p>
<p>➤➤LƯU Ý SỬ DỤNG➤➤<br />
✪ Cách bảo quản hoa: không để hoa ẩm (ko tưới nước, để nơi khô thoáng), không phơi dưới ánh nắng gắt trực tiếp, hạn chế sờ miết hoa.<br />
✪ Dịu dàng với hoa nhé các cậu.<br />
✪ Màu sắc hình ảnh có thể đậm hoặc nhạt hơn màu thực tế do chế độ hiển thị trên mỗi thiết bị khác nhau.</p>
<p>Bài viết <a rel="nofollow" href="https://lethiphuonglan.github.io/Bloom-flower/san-pham/hoa-baby-kho-decor/">Hoa baby khô decor</a> đã xuất hiện đầu tiên vào ngày <a rel="nofollow" href="https://lethiphuonglan.github.io/Bloom-flower">Bloom Flower</a>.</p>
]]></content:encoded>
					
					<wfw:commentRss>https://lethiphuonglan.github.io/Bloom-flower/san-pham/hoa-baby-kho-decor/feed/</wfw:commentRss>
			<slash:comments>0</slash:comments>
		
		
			</item>
	</channel>
</rss>
