<?xml version="1.0" encoding="UTF-8"?><rss version="2.0"
	xmlns:content="http://purl.org/rss/1.0/modules/content/"
	xmlns:wfw="http://wellformedweb.org/CommentAPI/"
	xmlns:dc="http://purl.org/dc/elements/1.1/"
	xmlns:atom="http://www.w3.org/2005/Atom"
	xmlns:sy="http://purl.org/rss/1.0/modules/syndication/"
	xmlns:slash="http://purl.org/rss/1.0/modules/slash/"
	>

<channel>
	<title>bông gòn &#8211; Bloom Flower</title>
	<atom:link href="http://localhost/myproject/wordpress/tu-khoa-san-pham/bong-gon/feed/" rel="self" type="application/rss+xml" />
	<link>https://lethiphuonglan.github.io/Bloom-flower</link>
	<description>Let flowers speak for you!</description>
	<lastBuildDate>Wed, 07 Jul 2021 14:17:35 +0000</lastBuildDate>
	<language>vi</language>
	<sy:updatePeriod>
	hourly	</sy:updatePeriod>
	<sy:updateFrequency>
	1	</sy:updateFrequency>
	<generator>https://wordpress.org/?v=5.7.2</generator>

<image>
	<url>https://lethiphuonglan.github.io/Bloom-flower/wp-content/uploads/2021/07/cropped-c1ccc56ac57d55e50ef33edf2eae586e-1-32x32.jpeg</url>
	<title>bông gòn &#8211; Bloom Flower</title>
	<link>https://lethiphuonglan.github.io/Bloom-flower</link>
	<width>32</width>
	<height>32</height>
</image> 
	<item>
		<title>Những bó hoa vintage mà vẫn sang trọng</title>
		<link>https://lethiphuonglan.github.io/Bloom-flower/san-pham/nhung-bo-hoa-vintage-ma-van-sang-trong/</link>
					<comments>https://lethiphuonglan.github.io/Bloom-flower/san-pham/nhung-bo-hoa-vintage-ma-van-sang-trong/#respond</comments>
		
		<dc:creator><![CDATA[lethiphuonglan]]></dc:creator>
		<pubDate>Wed, 07 Jul 2021 14:17:35 +0000</pubDate>
				<guid isPermaLink="false">https://lethiphuonglan.github.io/Bloom-flower/?post_type=product&#038;p=394</guid>

					<description><![CDATA[<ul>
<li>Sản phẩm như hình</li>
<li>Có thể thay đổi màu giấy gói và phụ kiện, vui lòng chọn danh mục lọ hoa, phụ kiện.</li>
</ul>
<p>Bài viết <a rel="nofollow" href="https://lethiphuonglan.github.io/Bloom-flower/san-pham/nhung-bo-hoa-vintage-ma-van-sang-trong/">Những bó hoa vintage mà vẫn sang trọng</a> đã xuất hiện đầu tiên vào ngày <a rel="nofollow" href="https://lethiphuonglan.github.io/Bloom-flower">Bloom Flower</a>.</p>
]]></description>
										<content:encoded><![CDATA[<p>Bài viết <a rel="nofollow" href="https://lethiphuonglan.github.io/Bloom-flower/san-pham/nhung-bo-hoa-vintage-ma-van-sang-trong/">Những bó hoa vintage mà vẫn sang trọng</a> đã xuất hiện đầu tiên vào ngày <a rel="nofollow" href="https://lethiphuonglan.github.io/Bloom-flower">Bloom Flower</a>.</p>
]]></content:encoded>
					
					<wfw:commentRss>https://lethiphuonglan.github.io/Bloom-flower/san-pham/nhung-bo-hoa-vintage-ma-van-sang-trong/feed/</wfw:commentRss>
			<slash:comments>0</slash:comments>
		
		
			</item>
		<item>
		<title>Phong cách đơn giản</title>
		<link>https://lethiphuonglan.github.io/Bloom-flower/san-pham/phong-cach-don-gian/</link>
					<comments>https://lethiphuonglan.github.io/Bloom-flower/san-pham/phong-cach-don-gian/#respond</comments>
		
		<dc:creator><![CDATA[lethiphuonglan]]></dc:creator>
		<pubDate>Wed, 07 Jul 2021 14:09:00 +0000</pubDate>
				<guid isPermaLink="false">https://lethiphuonglan.github.io/Bloom-flower/?post_type=product&#038;p=391</guid>

					<description><![CDATA[<ul>
<li>Cành hoa như hình</li>
<li>Không bao gồm lọ đựng sản phẩm</li>
</ul>
<p>Bài viết <a rel="nofollow" href="https://lethiphuonglan.github.io/Bloom-flower/san-pham/phong-cach-don-gian/">Phong cách đơn giản</a> đã xuất hiện đầu tiên vào ngày <a rel="nofollow" href="https://lethiphuonglan.github.io/Bloom-flower">Bloom Flower</a>.</p>
]]></description>
										<content:encoded><![CDATA[<p>Bài viết <a rel="nofollow" href="https://lethiphuonglan.github.io/Bloom-flower/san-pham/phong-cach-don-gian/">Phong cách đơn giản</a> đã xuất hiện đầu tiên vào ngày <a rel="nofollow" href="https://lethiphuonglan.github.io/Bloom-flower">Bloom Flower</a>.</p>
]]></content:encoded>
					
					<wfw:commentRss>https://lethiphuonglan.github.io/Bloom-flower/san-pham/phong-cach-don-gian/feed/</wfw:commentRss>
			<slash:comments>0</slash:comments>
		
		
			</item>
		<item>
		<title>Hoa khô Bông gòn &#8211; Vintage</title>
		<link>https://lethiphuonglan.github.io/Bloom-flower/san-pham/hoa-kho-bong-gon-vintage/</link>
					<comments>https://lethiphuonglan.github.io/Bloom-flower/san-pham/hoa-kho-bong-gon-vintage/#respond</comments>
		
		<dc:creator><![CDATA[lethiphuonglan]]></dc:creator>
		<pubDate>Tue, 06 Jul 2021 18:26:51 +0000</pubDate>
				<guid isPermaLink="false">https://lethiphuonglan.github.io/Bloom-flower/?post_type=product&#038;p=229</guid>

					<description><![CDATA[<p>+Hàng Loại 1 - Bông to đều kích thước khoảng 6cm<br />
+Cành dài 59 cm<br />
+Gồm 10 bông gạo bông gòn<br />
+Thân bằng sắt mảnh cuốn sáp màu gỗ nhìn rất tự nhiên có thể uốn theo chiều cao của bình</p>
<p>Bài viết <a rel="nofollow" href="https://lethiphuonglan.github.io/Bloom-flower/san-pham/hoa-kho-bong-gon-vintage/">Hoa khô Bông gòn &#8211; Vintage</a> đã xuất hiện đầu tiên vào ngày <a rel="nofollow" href="https://lethiphuonglan.github.io/Bloom-flower">Bloom Flower</a>.</p>
]]></description>
										<content:encoded><![CDATA[<p>&#8211; Giới Thiệu : Cây Bông Gòn còn được gọi là cây gòn, cây bông lụa, cây bông Java&#8230;Có tên khoa học: Ceiba pentandra, là một loài cây nhiệt đới thuộc bộ Cẩm quỳ (Malvales) trước đây được tách ra trong họ riêng gọi là họ Gạo (Bombacaceae), có nguồn gốc ở Mexico, Trung Mỹ, Caribe, miền bắc Nam Mỹ và khu vực nhiệt đới miền tây châu Phi.</p>
<p>&#8211; Ý Nghĩa : Tại sao nên mua Cành Cây Bông Gòn giả để làm điểm nhấn cho phong cách trang trí phòng khách của bạn?</p>
<p>Cành Hoa Bông Gòn giả với một màu trắng tinh khôi tự do tự tại làm ta liên tưởng đến những bông gạo hay những bông hoa tuyết làm ta không ngừng bị cuốn hút bởi vẻ đẹp của nó.</p>
<p>Nếu như bạn là một người cảm mến vẻ đẹp của thiết kế này thì bạn có thể lựa chọn dùng cây giả trang trí Cành Hoa Bông Gòn giả để có thể trưng bày nó trong không gian sống của mình. Sản phẩm Cành Cây Bông Gòn giả là một sản phẩm mới tại The Muse mang trong mình một màu sắc ấn tượng vừa giúp bạn tiết kiệm được thời gian mà bạn vừa có thể sở hữu một màu sắc tinh khôi, nhã nhặn trong không gian nội thất của mình.</p>
<p><img src="https://s.w.org/images/core/emoji/13.0.1/72x72/2764.png" alt="❤" class="wp-smiley" style="height: 1em; max-height: 1em;" /><img src="https://s.w.org/images/core/emoji/13.0.1/72x72/2764.png" alt="❤" class="wp-smiley" style="height: 1em; max-height: 1em;" /><img src="https://s.w.org/images/core/emoji/13.0.1/72x72/2764.png" alt="❤" class="wp-smiley" style="height: 1em; max-height: 1em;" /> Mô Tả Sản Phẩm <img src="https://s.w.org/images/core/emoji/13.0.1/72x72/2764.png" alt="❤" class="wp-smiley" style="height: 1em; max-height: 1em;" /><img src="https://s.w.org/images/core/emoji/13.0.1/72x72/2764.png" alt="❤" class="wp-smiley" style="height: 1em; max-height: 1em;" /><img src="https://s.w.org/images/core/emoji/13.0.1/72x72/2764.png" alt="❤" class="wp-smiley" style="height: 1em; max-height: 1em;" /><br />
+Hàng Loại 1 &#8211; Bông to đều kích thước khoảng 6cm<br />
+Cành dài 59 cm<br />
+Gồm 10 bông gạo bông gòn<br />
+Thân bằng sắt mảnh cuốn sáp màu gỗ nhìn rất tự nhiên có thể uốn theo chiều cao của bình</p>
<p>&#8211; Hướng Dẫn Sử Dụng : đầu tiên bạn nên chọn những chiếc bình theo hơi hướng cổ , cũ 1 chút , hoặc bạn có thể sáng tạo bằng bất kì đồ dùng j ví dụ như Ô doa tưới nước cũ , bình rựu sâm-panh hết , tích tước cũ , chum , vại&#8230; sau đó bạn chọn khoang 5-6 cành cho bình cỡ vừa , 8-10 cành cho bình cỡ lớn nhé<br />
Bạn hoàn toàn có thể kết hợp những bông gạo này với cành Đào đông , cành lựu &#8230; sẽ rất tuyệt đó ạ</p>
<p>&#8211; Bảo quản : Vì cành Hoa Gạo Bông Gòn là thuộc dạng hoa khô bởi tiết trời khí hậu nhiệt đới gió mùa ở VN nên rất dễ bị mốc đặc biết trong những khoảng thời gian nồm ẩm và giao mua hoặc mùa mưa nên bạn cần để nơi khô rao thoáng mát, thi thoảng vệ sinh bằng khăn khô cho đỡ bụi để tăng thời gian trang trí lên cao hơn bạn nha. Nếu chẳng may trong quá trình vận chuyển hoặc sử dụng độ khô ráo không được đảm bảo thì cũng đừng quá lo lắng, vì đã có cách giải quyết . sau khi xuất hiện hượng tượng mốc bạn có thể dùng khăn khô , bàn chải đánh răng khô &#8230;. đánh những những vết mốc đi rồi sau đó đem phơi dưới nắng hoặc dùng máy sấy sấy xuôi theo chiều Bông Nụ để đảm bảo cho Bông được khô nhất . là chúng ta có thể kéo dài thời gian sử dụng SP đó</p>
<p>Bài viết <a rel="nofollow" href="https://lethiphuonglan.github.io/Bloom-flower/san-pham/hoa-kho-bong-gon-vintage/">Hoa khô Bông gòn &#8211; Vintage</a> đã xuất hiện đầu tiên vào ngày <a rel="nofollow" href="https://lethiphuonglan.github.io/Bloom-flower">Bloom Flower</a>.</p>
]]></content:encoded>
					
					<wfw:commentRss>https://lethiphuonglan.github.io/Bloom-flower/san-pham/hoa-kho-bong-gon-vintage/feed/</wfw:commentRss>
			<slash:comments>0</slash:comments>
		
		
			</item>
	</channel>
</rss>
