<?xml version="1.0" encoding="UTF-8"?><rss version="2.0"
	xmlns:content="http://purl.org/rss/1.0/modules/content/"
	xmlns:wfw="http://wellformedweb.org/CommentAPI/"
	xmlns:dc="http://purl.org/dc/elements/1.1/"
	xmlns:atom="http://www.w3.org/2005/Atom"
	xmlns:sy="http://purl.org/rss/1.0/modules/syndication/"
	xmlns:slash="http://purl.org/rss/1.0/modules/slash/"
	>

<channel>
	<title>chất liệu gốm &#8211; Bloom Flower</title>
	<atom:link href="http://localhost/myproject/wordpress/danh-muc-san-pham/phu-kien/chat-lieu-gom/feed/" rel="self" type="application/rss+xml" />
	<link>https://lethiphuonglan.github.io/Bloom-flower</link>
	<description>Let flowers speak for you!</description>
	<lastBuildDate>Wed, 07 Jul 2021 15:37:50 +0000</lastBuildDate>
	<language>vi</language>
	<sy:updatePeriod>
	hourly	</sy:updatePeriod>
	<sy:updateFrequency>
	1	</sy:updateFrequency>
	<generator>https://wordpress.org/?v=5.7.2</generator>

<image>
	<url>https://lethiphuonglan.github.io/Bloom-flower/wp-content/uploads/2021/07/cropped-c1ccc56ac57d55e50ef33edf2eae586e-1-32x32.jpeg</url>
	<title>chất liệu gốm &#8211; Bloom Flower</title>
	<link>https://lethiphuonglan.github.io/Bloom-flower</link>
	<width>32</width>
	<height>32</height>
</image> 
	<item>
		<title>Lọ hoa cô gái &#8211; Mẫu mới</title>
		<link>https://lethiphuonglan.github.io/Bloom-flower/san-pham/lo-hoa-co-gai-mau-moi/</link>
					<comments>https://lethiphuonglan.github.io/Bloom-flower/san-pham/lo-hoa-co-gai-mau-moi/#respond</comments>
		
		<dc:creator><![CDATA[lethiphuonglan]]></dc:creator>
		<pubDate>Wed, 07 Jul 2021 14:58:31 +0000</pubDate>
				<guid isPermaLink="false">https://lethiphuonglan.github.io/Bloom-flower/?post_type=product&#038;p=445</guid>

					<description><![CDATA[<ul>
<li>Sản phẩm làm từ gốm, sứ cao cấp</li>
<li>Sản phẩm như hình.</li>
</ul>
<p>Bài viết <a rel="nofollow" href="https://lethiphuonglan.github.io/Bloom-flower/san-pham/lo-hoa-co-gai-mau-moi/">Lọ hoa cô gái &#8211; Mẫu mới</a> đã xuất hiện đầu tiên vào ngày <a rel="nofollow" href="https://lethiphuonglan.github.io/Bloom-flower">Bloom Flower</a>.</p>
]]></description>
										<content:encoded><![CDATA[<p>Bài viết <a rel="nofollow" href="https://lethiphuonglan.github.io/Bloom-flower/san-pham/lo-hoa-co-gai-mau-moi/">Lọ hoa cô gái &#8211; Mẫu mới</a> đã xuất hiện đầu tiên vào ngày <a rel="nofollow" href="https://lethiphuonglan.github.io/Bloom-flower">Bloom Flower</a>.</p>
]]></content:encoded>
					
					<wfw:commentRss>https://lethiphuonglan.github.io/Bloom-flower/san-pham/lo-hoa-co-gai-mau-moi/feed/</wfw:commentRss>
			<slash:comments>0</slash:comments>
		
		
			</item>
		<item>
		<title>Lọ hoa cô gái</title>
		<link>https://lethiphuonglan.github.io/Bloom-flower/san-pham/lo-hoa-co-gai/</link>
					<comments>https://lethiphuonglan.github.io/Bloom-flower/san-pham/lo-hoa-co-gai/#respond</comments>
		
		<dc:creator><![CDATA[lethiphuonglan]]></dc:creator>
		<pubDate>Wed, 07 Jul 2021 14:56:57 +0000</pubDate>
				<guid isPermaLink="false">https://lethiphuonglan.github.io/Bloom-flower/?post_type=product&#038;p=442</guid>

					<description><![CDATA[<ul>
<li>Sản phẩm làm từ gốm, sứ cao cấp</li>
<li>Sản phẩm như hình.</li>
</ul>
<p>Bài viết <a rel="nofollow" href="https://lethiphuonglan.github.io/Bloom-flower/san-pham/lo-hoa-co-gai/">Lọ hoa cô gái</a> đã xuất hiện đầu tiên vào ngày <a rel="nofollow" href="https://lethiphuonglan.github.io/Bloom-flower">Bloom Flower</a>.</p>
]]></description>
										<content:encoded><![CDATA[<p>Bài viết <a rel="nofollow" href="https://lethiphuonglan.github.io/Bloom-flower/san-pham/lo-hoa-co-gai/">Lọ hoa cô gái</a> đã xuất hiện đầu tiên vào ngày <a rel="nofollow" href="https://lethiphuonglan.github.io/Bloom-flower">Bloom Flower</a>.</p>
]]></content:encoded>
					
					<wfw:commentRss>https://lethiphuonglan.github.io/Bloom-flower/san-pham/lo-hoa-co-gai/feed/</wfw:commentRss>
			<slash:comments>0</slash:comments>
		
		
			</item>
		<item>
		<title>Chất liệu gốm, sứ</title>
		<link>https://lethiphuonglan.github.io/Bloom-flower/san-pham/chat-lieu-gom-su/</link>
					<comments>https://lethiphuonglan.github.io/Bloom-flower/san-pham/chat-lieu-gom-su/#respond</comments>
		
		<dc:creator><![CDATA[lethiphuonglan]]></dc:creator>
		<pubDate>Wed, 07 Jul 2021 14:41:07 +0000</pubDate>
				<guid isPermaLink="false">https://lethiphuonglan.github.io/Bloom-flower/?post_type=product&#038;p=415</guid>

					<description><![CDATA[<ul>
<li>Sản phẩm thủ công từ gốm sứ cao cấp</li>
<li>Sản phẩm i hình.</li>
</ul>
<p>Bài viết <a rel="nofollow" href="https://lethiphuonglan.github.io/Bloom-flower/san-pham/chat-lieu-gom-su/">Chất liệu gốm, sứ</a> đã xuất hiện đầu tiên vào ngày <a rel="nofollow" href="https://lethiphuonglan.github.io/Bloom-flower">Bloom Flower</a>.</p>
]]></description>
										<content:encoded><![CDATA[<p>Bài viết <a rel="nofollow" href="https://lethiphuonglan.github.io/Bloom-flower/san-pham/chat-lieu-gom-su/">Chất liệu gốm, sứ</a> đã xuất hiện đầu tiên vào ngày <a rel="nofollow" href="https://lethiphuonglan.github.io/Bloom-flower">Bloom Flower</a>.</p>
]]></content:encoded>
					
					<wfw:commentRss>https://lethiphuonglan.github.io/Bloom-flower/san-pham/chat-lieu-gom-su/feed/</wfw:commentRss>
			<slash:comments>0</slash:comments>
		
		
			</item>
	</channel>
</rss>
