<?xml version="1.0" encoding="UTF-8"?><rss version="2.0"
	xmlns:content="http://purl.org/rss/1.0/modules/content/"
	xmlns:wfw="http://wellformedweb.org/CommentAPI/"
	xmlns:dc="http://purl.org/dc/elements/1.1/"
	xmlns:atom="http://www.w3.org/2005/Atom"
	xmlns:sy="http://purl.org/rss/1.0/modules/syndication/"
	xmlns:slash="http://purl.org/rss/1.0/modules/slash/"
	>

<channel>
	<title>lúa mạch &#8211; Bloom Flower</title>
	<atom:link href="http://localhost/myproject/wordpress/tu-khoa-san-pham/lua-mach/feed/" rel="self" type="application/rss+xml" />
	<link>https://lethiphuonglan.github.io/Bloom-flower</link>
	<description>Let flowers speak for you!</description>
	<lastBuildDate>Tue, 06 Jul 2021 16:11:30 +0000</lastBuildDate>
	<language>vi</language>
	<sy:updatePeriod>
	hourly	</sy:updatePeriod>
	<sy:updateFrequency>
	1	</sy:updateFrequency>
	<generator>https://wordpress.org/?v=5.7.2</generator>

<image>
	<url>https://lethiphuonglan.github.io/Bloom-flower/wp-content/uploads/2021/07/cropped-c1ccc56ac57d55e50ef33edf2eae586e-1-32x32.jpeg</url>
	<title>lúa mạch &#8211; Bloom Flower</title>
	<link>https://lethiphuonglan.github.io/Bloom-flower</link>
	<width>32</width>
	<height>32</height>
</image> 
	<item>
		<title>Hoa Lúa mạch khô ITALY</title>
		<link>https://lethiphuonglan.github.io/Bloom-flower/san-pham/hoa-lua-mach-kho-italy/</link>
					<comments>https://lethiphuonglan.github.io/Bloom-flower/san-pham/hoa-lua-mach-kho-italy/#respond</comments>
		
		<dc:creator><![CDATA[lethiphuonglan]]></dc:creator>
		<pubDate>Tue, 06 Jul 2021 16:03:02 +0000</pubDate>
				<guid isPermaLink="false">https://lethiphuonglan.github.io/Bloom-flower/?post_type=product&#038;p=159</guid>

					<description><![CDATA[✪ Hoa từng cành đã qua lọc lựa cẩn thận! Khách vui lòng đọc mô tả sản phẩm trước khi mua hàng.

✪ Dried Wheat không râu tớ nhập ITALY chính ngạch, bó full nguyên bản có dán mác tag nguyên.

✪ Định lượng: một bó gồm 5 đến 20 cành hoa, bông nụ to.

✪ Chiều dài đầu bông 5-8cm, chiều dài cả cành hoa 40-45cm.

✪ Note: Đợt này tớ nhập phải đúng mùa vụ hoa to đẹp lắm ạ, mấy mùa khác cành hoa không đc đẹp bằng :"&#62;]]></description>
										<content:encoded><![CDATA[<p>Tiền nào của đó, hoa là mặt hàng rất khó vận chuyển nên khách yêu đừng tiếc vài ba đồng mà mua hàng rẻ tiền về nhà cây mềm oặt xài không đc lại vứt đi hết! Bên mình cam kết hoa giao khách từng cành đã qua lọc lựa cẩn thận! Khách vui lòng đọc mô tả sp trước khi mua hàng!</p>
<p>✪ Dried Wheat không râu tớ nhập ITALY chính ngạch, bó full nguyên bản có dán mác tag nguyên vẹn ạ!<br />
✪ Định lượng:<br />
Lúa mạch không râu: 1 phần 5 cành hoa, bông nụ to.<br />
Lúa mạch có râu: 1 phần 5 cành hoa, nụ nhỏ hơn.<br />
✪ chiều dài đầu bông 5-8cm, chiều dài cả cành hoa 40-45cm ạ!</p>
<p>✪ Note: Đợt này tớ nhập phải đúng mùa vụ hoa to đẹp lắm ạ, mấy mùa khác cành hoa không đc đẹp bằng :&#8221;&gt;</p>
<p>&nbsp;</p>
<p><iframe loading="lazy" title="Bó Hoa Lúa Mạch Khô Tự Nhiên Trang Trí Sân Vườn Quà Tặng Đạo Cụ Chụp Ảnh" width="1020" height="765" src="https://www.youtube.com/embed/22Dt7CAKD3U?feature=oembed" frameborder="0" allow="accelerometer; autoplay; clipboard-write; encrypted-media; gyroscope; picture-in-picture" allowfullscreen></iframe></p>
]]></content:encoded>
					
					<wfw:commentRss>https://lethiphuonglan.github.io/Bloom-flower/san-pham/hoa-lua-mach-kho-italy/feed/</wfw:commentRss>
			<slash:comments>0</slash:comments>
		
		
			</item>
	</channel>
</rss>
