<?xml version="1.0" encoding="UTF-8"?><rss version="2.0"
	xmlns:content="http://purl.org/rss/1.0/modules/content/"
	xmlns:wfw="http://wellformedweb.org/CommentAPI/"
	xmlns:dc="http://purl.org/dc/elements/1.1/"
	xmlns:atom="http://www.w3.org/2005/Atom"
	xmlns:sy="http://purl.org/rss/1.0/modules/syndication/"
	xmlns:slash="http://purl.org/rss/1.0/modules/slash/"
	>

<channel>
	<title>decor &#8211; Bloom Flower</title>
	<atom:link href="http://localhost/myproject/wordpress/tu-khoa-san-pham/decor/feed/" rel="self" type="application/rss+xml" />
	<link>https://lethiphuonglan.github.io/Bloom-flower</link>
	<description>Let flowers speak for you!</description>
	<lastBuildDate>Wed, 07 Jul 2021 18:12:52 +0000</lastBuildDate>
	<language>vi</language>
	<sy:updatePeriod>
	hourly	</sy:updatePeriod>
	<sy:updateFrequency>
	1	</sy:updateFrequency>
	<generator>https://wordpress.org/?v=5.7.2</generator>

<image>
	<url>https://lethiphuonglan.github.io/Bloom-flower/wp-content/uploads/2021/07/cropped-c1ccc56ac57d55e50ef33edf2eae586e-1-32x32.jpeg</url>
	<title>decor &#8211; Bloom Flower</title>
	<link>https://lethiphuonglan.github.io/Bloom-flower</link>
	<width>32</width>
	<height>32</height>
</image> 
	<item>
		<title>Hoa mix sẵn &#8211; decor phong cách Bắc Mĩ</title>
		<link>https://lethiphuonglan.github.io/Bloom-flower/san-pham/hoa-mix-san-decor-phong-cach-bac-mi/</link>
					<comments>https://lethiphuonglan.github.io/Bloom-flower/san-pham/hoa-mix-san-decor-phong-cach-bac-mi/#respond</comments>
		
		<dc:creator><![CDATA[lethiphuonglan]]></dc:creator>
		<pubDate>Wed, 07 Jul 2021 18:12:51 +0000</pubDate>
				<guid isPermaLink="false">https://lethiphuonglan.github.io/Bloom-flower/?post_type=product&#038;p=473</guid>

					<description><![CDATA[<ul>
<li>Sản phẩm như hình</li>
<li>Không bao gồm lọ đựng sản phẩm, vui lòng chọn thêm lọ tại danh mục phụ kiện</li>
</ul>
<p>Bài viết <a rel="nofollow" href="https://lethiphuonglan.github.io/Bloom-flower/san-pham/hoa-mix-san-decor-phong-cach-bac-mi/">Hoa mix sẵn &#8211; decor phong cách Bắc Mĩ</a> đã xuất hiện đầu tiên vào ngày <a rel="nofollow" href="https://lethiphuonglan.github.io/Bloom-flower">Bloom Flower</a>.</p>
]]></description>
										<content:encoded><![CDATA[<p>Bài viết <a rel="nofollow" href="https://lethiphuonglan.github.io/Bloom-flower/san-pham/hoa-mix-san-decor-phong-cach-bac-mi/">Hoa mix sẵn &#8211; decor phong cách Bắc Mĩ</a> đã xuất hiện đầu tiên vào ngày <a rel="nofollow" href="https://lethiphuonglan.github.io/Bloom-flower">Bloom Flower</a>.</p>
]]></content:encoded>
					
					<wfw:commentRss>https://lethiphuonglan.github.io/Bloom-flower/san-pham/hoa-mix-san-decor-phong-cach-bac-mi/feed/</wfw:commentRss>
			<slash:comments>0</slash:comments>
		
		
			</item>
		<item>
		<title>Hoa khô decor &#8211; bông gòn- thông</title>
		<link>https://lethiphuonglan.github.io/Bloom-flower/san-pham/hoa-kho-decor-bong-gon-thong/</link>
					<comments>https://lethiphuonglan.github.io/Bloom-flower/san-pham/hoa-kho-decor-bong-gon-thong/#respond</comments>
		
		<dc:creator><![CDATA[lethiphuonglan]]></dc:creator>
		<pubDate>Wed, 07 Jul 2021 18:09:49 +0000</pubDate>
				<guid isPermaLink="false">https://lethiphuonglan.github.io/Bloom-flower/?post_type=product&#038;p=472</guid>

					<description><![CDATA[<ul>
<li>Sản phẩm như hình</li>
<li>Không bao gồm lọ đựng sản phẩm, vui lòng chọn thêm lọ tại danh mục phụ kiện</li>
</ul>
<p>Bài viết <a rel="nofollow" href="https://lethiphuonglan.github.io/Bloom-flower/san-pham/hoa-kho-decor-bong-gon-thong/">Hoa khô decor &#8211; bông gòn- thông</a> đã xuất hiện đầu tiên vào ngày <a rel="nofollow" href="https://lethiphuonglan.github.io/Bloom-flower">Bloom Flower</a>.</p>
]]></description>
										<content:encoded><![CDATA[<p>Bài viết <a rel="nofollow" href="https://lethiphuonglan.github.io/Bloom-flower/san-pham/hoa-kho-decor-bong-gon-thong/">Hoa khô decor &#8211; bông gòn- thông</a> đã xuất hiện đầu tiên vào ngày <a rel="nofollow" href="https://lethiphuonglan.github.io/Bloom-flower">Bloom Flower</a>.</p>
]]></content:encoded>
					
					<wfw:commentRss>https://lethiphuonglan.github.io/Bloom-flower/san-pham/hoa-kho-decor-bong-gon-thong/feed/</wfw:commentRss>
			<slash:comments>0</slash:comments>
		
		
			</item>
		<item>
		<title>Hoa mix decor</title>
		<link>https://lethiphuonglan.github.io/Bloom-flower/san-pham/hoa-mix-decor/</link>
					<comments>https://lethiphuonglan.github.io/Bloom-flower/san-pham/hoa-mix-decor/#respond</comments>
		
		<dc:creator><![CDATA[lethiphuonglan]]></dc:creator>
		<pubDate>Wed, 07 Jul 2021 18:05:02 +0000</pubDate>
				<guid isPermaLink="false">https://lethiphuonglan.github.io/Bloom-flower/?post_type=product&#038;p=466</guid>

					<description><![CDATA[<ul>
<li>Sản phẩm như hình</li>
<li>Chưa bao gồm lọ họ, khách có thể chọn thêm lọ hoa tại danh mục phụ kiện/</li>
</ul>
<p>Bài viết <a rel="nofollow" href="https://lethiphuonglan.github.io/Bloom-flower/san-pham/hoa-mix-decor/">Hoa mix decor</a> đã xuất hiện đầu tiên vào ngày <a rel="nofollow" href="https://lethiphuonglan.github.io/Bloom-flower">Bloom Flower</a>.</p>
]]></description>
										<content:encoded><![CDATA[<p>Bài viết <a rel="nofollow" href="https://lethiphuonglan.github.io/Bloom-flower/san-pham/hoa-mix-decor/">Hoa mix decor</a> đã xuất hiện đầu tiên vào ngày <a rel="nofollow" href="https://lethiphuonglan.github.io/Bloom-flower">Bloom Flower</a>.</p>
]]></content:encoded>
					
					<wfw:commentRss>https://lethiphuonglan.github.io/Bloom-flower/san-pham/hoa-mix-decor/feed/</wfw:commentRss>
			<slash:comments>0</slash:comments>
		
		
			</item>
		<item>
		<title>Mẫu hoa decor &#8211; Cúc mix</title>
		<link>https://lethiphuonglan.github.io/Bloom-flower/san-pham/mau-hoa-decor-cuc-mix/</link>
					<comments>https://lethiphuonglan.github.io/Bloom-flower/san-pham/mau-hoa-decor-cuc-mix/#respond</comments>
		
		<dc:creator><![CDATA[lethiphuonglan]]></dc:creator>
		<pubDate>Wed, 07 Jul 2021 17:58:06 +0000</pubDate>
				<guid isPermaLink="false">https://lethiphuonglan.github.io/Bloom-flower/?post_type=product&#038;p=465</guid>

					<description><![CDATA[<ul>
<li>Sản phẩm như hình</li>
</ul>
<p>Bài viết <a rel="nofollow" href="https://lethiphuonglan.github.io/Bloom-flower/san-pham/mau-hoa-decor-cuc-mix/">Mẫu hoa decor &#8211; Cúc mix</a> đã xuất hiện đầu tiên vào ngày <a rel="nofollow" href="https://lethiphuonglan.github.io/Bloom-flower">Bloom Flower</a>.</p>
]]></description>
										<content:encoded><![CDATA[<p>Bài viết <a rel="nofollow" href="https://lethiphuonglan.github.io/Bloom-flower/san-pham/mau-hoa-decor-cuc-mix/">Mẫu hoa decor &#8211; Cúc mix</a> đã xuất hiện đầu tiên vào ngày <a rel="nofollow" href="https://lethiphuonglan.github.io/Bloom-flower">Bloom Flower</a>.</p>
]]></content:encoded>
					
					<wfw:commentRss>https://lethiphuonglan.github.io/Bloom-flower/san-pham/mau-hoa-decor-cuc-mix/feed/</wfw:commentRss>
			<slash:comments>0</slash:comments>
		
		
			</item>
		<item>
		<title>Giỏ hoa decor</title>
		<link>https://lethiphuonglan.github.io/Bloom-flower/san-pham/gio-hoa-decor/</link>
					<comments>https://lethiphuonglan.github.io/Bloom-flower/san-pham/gio-hoa-decor/#respond</comments>
		
		<dc:creator><![CDATA[lethiphuonglan]]></dc:creator>
		<pubDate>Wed, 07 Jul 2021 17:55:20 +0000</pubDate>
				<guid isPermaLink="false">https://lethiphuonglan.github.io/Bloom-flower/?post_type=product&#038;p=458</guid>

					<description><![CDATA[<ul>
<li>Sản phẩm như hình</li>
<li>Có bao gồm giỏ hoa</li>
</ul>
<p>Bài viết <a rel="nofollow" href="https://lethiphuonglan.github.io/Bloom-flower/san-pham/gio-hoa-decor/">Giỏ hoa decor</a> đã xuất hiện đầu tiên vào ngày <a rel="nofollow" href="https://lethiphuonglan.github.io/Bloom-flower">Bloom Flower</a>.</p>
]]></description>
										<content:encoded><![CDATA[<p>Bài viết <a rel="nofollow" href="https://lethiphuonglan.github.io/Bloom-flower/san-pham/gio-hoa-decor/">Giỏ hoa decor</a> đã xuất hiện đầu tiên vào ngày <a rel="nofollow" href="https://lethiphuonglan.github.io/Bloom-flower">Bloom Flower</a>.</p>
]]></content:encoded>
					
					<wfw:commentRss>https://lethiphuonglan.github.io/Bloom-flower/san-pham/gio-hoa-decor/feed/</wfw:commentRss>
			<slash:comments>0</slash:comments>
		
		
			</item>
		<item>
		<title>Lọ hoa cô gái</title>
		<link>https://lethiphuonglan.github.io/Bloom-flower/san-pham/lo-hoa-co-gai/</link>
					<comments>https://lethiphuonglan.github.io/Bloom-flower/san-pham/lo-hoa-co-gai/#respond</comments>
		
		<dc:creator><![CDATA[lethiphuonglan]]></dc:creator>
		<pubDate>Wed, 07 Jul 2021 14:56:57 +0000</pubDate>
				<guid isPermaLink="false">https://lethiphuonglan.github.io/Bloom-flower/?post_type=product&#038;p=442</guid>

					<description><![CDATA[<ul>
<li>Sản phẩm làm từ gốm, sứ cao cấp</li>
<li>Sản phẩm như hình.</li>
</ul>
<p>Bài viết <a rel="nofollow" href="https://lethiphuonglan.github.io/Bloom-flower/san-pham/lo-hoa-co-gai/">Lọ hoa cô gái</a> đã xuất hiện đầu tiên vào ngày <a rel="nofollow" href="https://lethiphuonglan.github.io/Bloom-flower">Bloom Flower</a>.</p>
]]></description>
										<content:encoded><![CDATA[<p>Bài viết <a rel="nofollow" href="https://lethiphuonglan.github.io/Bloom-flower/san-pham/lo-hoa-co-gai/">Lọ hoa cô gái</a> đã xuất hiện đầu tiên vào ngày <a rel="nofollow" href="https://lethiphuonglan.github.io/Bloom-flower">Bloom Flower</a>.</p>
]]></content:encoded>
					
					<wfw:commentRss>https://lethiphuonglan.github.io/Bloom-flower/san-pham/lo-hoa-co-gai/feed/</wfw:commentRss>
			<slash:comments>0</slash:comments>
		
		
			</item>
		<item>
		<title>Phụ kiện gói hoa, decor hoa &#8211; Dây ren, Dây cột nơ</title>
		<link>https://lethiphuonglan.github.io/Bloom-flower/san-pham/phu-kien-goi-hoa-decor-hoa-day-ren-day-cot-no/</link>
					<comments>https://lethiphuonglan.github.io/Bloom-flower/san-pham/phu-kien-goi-hoa-decor-hoa-day-ren-day-cot-no/#respond</comments>
		
		<dc:creator><![CDATA[lethiphuonglan]]></dc:creator>
		<pubDate>Wed, 07 Jul 2021 14:52:51 +0000</pubDate>
				<guid isPermaLink="false">https://lethiphuonglan.github.io/Bloom-flower/?post_type=product&#038;p=437</guid>

					<description><![CDATA[<ul>
<li>Các sản phẩm Bloom lựa chọn đều là sản phẩm chất lượng tốt nhất trên thị trường.</li>
</ul>
<p>Bài viết <a rel="nofollow" href="https://lethiphuonglan.github.io/Bloom-flower/san-pham/phu-kien-goi-hoa-decor-hoa-day-ren-day-cot-no/">Phụ kiện gói hoa, decor hoa &#8211; Dây ren, Dây cột nơ</a> đã xuất hiện đầu tiên vào ngày <a rel="nofollow" href="https://lethiphuonglan.github.io/Bloom-flower">Bloom Flower</a>.</p>
]]></description>
										<content:encoded><![CDATA[<p>Bài viết <a rel="nofollow" href="https://lethiphuonglan.github.io/Bloom-flower/san-pham/phu-kien-goi-hoa-decor-hoa-day-ren-day-cot-no/">Phụ kiện gói hoa, decor hoa &#8211; Dây ren, Dây cột nơ</a> đã xuất hiện đầu tiên vào ngày <a rel="nofollow" href="https://lethiphuonglan.github.io/Bloom-flower">Bloom Flower</a>.</p>
]]></content:encoded>
					
					<wfw:commentRss>https://lethiphuonglan.github.io/Bloom-flower/san-pham/phu-kien-goi-hoa-decor-hoa-day-ren-day-cot-no/feed/</wfw:commentRss>
			<slash:comments>0</slash:comments>
		
		
			</item>
		<item>
		<title>Phụ kiện gói hoa, decor hoa &#8211; Dây cói</title>
		<link>https://lethiphuonglan.github.io/Bloom-flower/san-pham/phu-kien-goi-hoa-decor-hoa-day-coi/</link>
					<comments>https://lethiphuonglan.github.io/Bloom-flower/san-pham/phu-kien-goi-hoa-decor-hoa-day-coi/#respond</comments>
		
		<dc:creator><![CDATA[lethiphuonglan]]></dc:creator>
		<pubDate>Wed, 07 Jul 2021 14:48:44 +0000</pubDate>
				<guid isPermaLink="false">https://lethiphuonglan.github.io/Bloom-flower/?post_type=product&#038;p=424</guid>

					<description><![CDATA[<ul>
<li>Các sản phẩm Bloom lựa chọn đều là sản phẩm chất lượng tốt nhất trên thị trường.</li>
</ul>
<p>Bài viết <a rel="nofollow" href="https://lethiphuonglan.github.io/Bloom-flower/san-pham/phu-kien-goi-hoa-decor-hoa-day-coi/">Phụ kiện gói hoa, decor hoa &#8211; Dây cói</a> đã xuất hiện đầu tiên vào ngày <a rel="nofollow" href="https://lethiphuonglan.github.io/Bloom-flower">Bloom Flower</a>.</p>
]]></description>
										<content:encoded><![CDATA[<p>Bài viết <a rel="nofollow" href="https://lethiphuonglan.github.io/Bloom-flower/san-pham/phu-kien-goi-hoa-decor-hoa-day-coi/">Phụ kiện gói hoa, decor hoa &#8211; Dây cói</a> đã xuất hiện đầu tiên vào ngày <a rel="nofollow" href="https://lethiphuonglan.github.io/Bloom-flower">Bloom Flower</a>.</p>
]]></content:encoded>
					
					<wfw:commentRss>https://lethiphuonglan.github.io/Bloom-flower/san-pham/phu-kien-goi-hoa-decor-hoa-day-coi/feed/</wfw:commentRss>
			<slash:comments>0</slash:comments>
		
		
			</item>
		<item>
		<title>Chất liệu gốm, sứ</title>
		<link>https://lethiphuonglan.github.io/Bloom-flower/san-pham/chat-lieu-gom-su/</link>
					<comments>https://lethiphuonglan.github.io/Bloom-flower/san-pham/chat-lieu-gom-su/#respond</comments>
		
		<dc:creator><![CDATA[lethiphuonglan]]></dc:creator>
		<pubDate>Wed, 07 Jul 2021 14:41:07 +0000</pubDate>
				<guid isPermaLink="false">https://lethiphuonglan.github.io/Bloom-flower/?post_type=product&#038;p=415</guid>

					<description><![CDATA[<ul>
<li>Sản phẩm thủ công từ gốm sứ cao cấp</li>
<li>Sản phẩm i hình.</li>
</ul>
<p>Bài viết <a rel="nofollow" href="https://lethiphuonglan.github.io/Bloom-flower/san-pham/chat-lieu-gom-su/">Chất liệu gốm, sứ</a> đã xuất hiện đầu tiên vào ngày <a rel="nofollow" href="https://lethiphuonglan.github.io/Bloom-flower">Bloom Flower</a>.</p>
]]></description>
										<content:encoded><![CDATA[<p>Bài viết <a rel="nofollow" href="https://lethiphuonglan.github.io/Bloom-flower/san-pham/chat-lieu-gom-su/">Chất liệu gốm, sứ</a> đã xuất hiện đầu tiên vào ngày <a rel="nofollow" href="https://lethiphuonglan.github.io/Bloom-flower">Bloom Flower</a>.</p>
]]></content:encoded>
					
					<wfw:commentRss>https://lethiphuonglan.github.io/Bloom-flower/san-pham/chat-lieu-gom-su/feed/</wfw:commentRss>
			<slash:comments>0</slash:comments>
		
		
			</item>
		<item>
		<title>Mẫu cơ bản</title>
		<link>https://lethiphuonglan.github.io/Bloom-flower/san-pham/mau-co-ban/</link>
					<comments>https://lethiphuonglan.github.io/Bloom-flower/san-pham/mau-co-ban/#respond</comments>
		
		<dc:creator><![CDATA[lethiphuonglan]]></dc:creator>
		<pubDate>Wed, 07 Jul 2021 14:30:58 +0000</pubDate>
				<guid isPermaLink="false">https://lethiphuonglan.github.io/Bloom-flower/?post_type=product&#038;p=398</guid>

					<description><![CDATA[<ul>
<li>Chất liệu: thuỷ tinh cao cấp</li>
<li>Sản phẩm như hình</li>
</ul>
<p>Bài viết <a rel="nofollow" href="https://lethiphuonglan.github.io/Bloom-flower/san-pham/mau-co-ban/">Mẫu cơ bản</a> đã xuất hiện đầu tiên vào ngày <a rel="nofollow" href="https://lethiphuonglan.github.io/Bloom-flower">Bloom Flower</a>.</p>
]]></description>
										<content:encoded><![CDATA[<p>Bài viết <a rel="nofollow" href="https://lethiphuonglan.github.io/Bloom-flower/san-pham/mau-co-ban/">Mẫu cơ bản</a> đã xuất hiện đầu tiên vào ngày <a rel="nofollow" href="https://lethiphuonglan.github.io/Bloom-flower">Bloom Flower</a>.</p>
]]></content:encoded>
					
					<wfw:commentRss>https://lethiphuonglan.github.io/Bloom-flower/san-pham/mau-co-ban/feed/</wfw:commentRss>
			<slash:comments>0</slash:comments>
		
		
			</item>
	</channel>
</rss>
