<?xml version="1.0" encoding="UTF-8"?><rss version="2.0"
	xmlns:content="http://purl.org/rss/1.0/modules/content/"
	xmlns:wfw="http://wellformedweb.org/CommentAPI/"
	xmlns:dc="http://purl.org/dc/elements/1.1/"
	xmlns:atom="http://www.w3.org/2005/Atom"
	xmlns:sy="http://purl.org/rss/1.0/modules/syndication/"
	xmlns:slash="http://purl.org/rss/1.0/modules/slash/"
	>

<channel>
	<title>nigella &#8211; Bloom Flower</title>
	<atom:link href="http://localhost/myproject/wordpress/tu-khoa-san-pham/nigella/feed/" rel="self" type="application/rss+xml" />
	<link>https://lethiphuonglan.github.io/Bloom-flower</link>
	<description>Let flowers speak for you!</description>
	<lastBuildDate>Wed, 07 Jul 2021 18:07:45 +0000</lastBuildDate>
	<language>vi</language>
	<sy:updatePeriod>
	hourly	</sy:updatePeriod>
	<sy:updateFrequency>
	1	</sy:updateFrequency>
	<generator>https://wordpress.org/?v=5.7.2</generator>

<image>
	<url>https://lethiphuonglan.github.io/Bloom-flower/wp-content/uploads/2021/07/cropped-c1ccc56ac57d55e50ef33edf2eae586e-1-32x32.jpeg</url>
	<title>nigella &#8211; Bloom Flower</title>
	<link>https://lethiphuonglan.github.io/Bloom-flower</link>
	<width>32</width>
	<height>32</height>
</image> 
	<item>
		<title>Hoa khô decor-đuôi thỏ- thông</title>
		<link>https://lethiphuonglan.github.io/Bloom-flower/san-pham/hoa-kho-decor-duoi-tho-thong/</link>
					<comments>https://lethiphuonglan.github.io/Bloom-flower/san-pham/hoa-kho-decor-duoi-tho-thong/#respond</comments>
		
		<dc:creator><![CDATA[lethiphuonglan]]></dc:creator>
		<pubDate>Wed, 07 Jul 2021 18:07:44 +0000</pubDate>
				<guid isPermaLink="false">https://lethiphuonglan.github.io/Bloom-flower/?post_type=product&#038;p=470</guid>

					<description><![CDATA[<ul>
 	<li>Sản phẩm như hình</li>
 	<li>Không bao gồm lọ đựng sản phẩm, vui lòng chọn thêm lọ tại danh mục phụ kiện</li>
</ul>]]></description>
										<content:encoded><![CDATA[<ul>
 	<li>Sản phẩm như hình</li>
 	<li>Không bao gồm lọ đựng sản phẩm, vui lòng chọn thêm lọ tại danh mục phụ kiện</li>
</ul>]]></content:encoded>
					
					<wfw:commentRss>https://lethiphuonglan.github.io/Bloom-flower/san-pham/hoa-kho-decor-duoi-tho-thong/feed/</wfw:commentRss>
			<slash:comments>0</slash:comments>
		
		
			</item>
		<item>
		<title>Mẫu hoa decor &#8211; Cúc mix</title>
		<link>https://lethiphuonglan.github.io/Bloom-flower/san-pham/mau-hoa-decor-cuc-mix/</link>
					<comments>https://lethiphuonglan.github.io/Bloom-flower/san-pham/mau-hoa-decor-cuc-mix/#respond</comments>
		
		<dc:creator><![CDATA[lethiphuonglan]]></dc:creator>
		<pubDate>Wed, 07 Jul 2021 17:58:06 +0000</pubDate>
				<guid isPermaLink="false">https://lethiphuonglan.github.io/Bloom-flower/?post_type=product&#038;p=465</guid>

					<description><![CDATA[<ul>
 	<li>Sản phẩm như hình</li>
</ul>]]></description>
										<content:encoded><![CDATA[<ul>
 	<li>Sản phẩm như hình</li>
</ul>]]></content:encoded>
					
					<wfw:commentRss>https://lethiphuonglan.github.io/Bloom-flower/san-pham/mau-hoa-decor-cuc-mix/feed/</wfw:commentRss>
			<slash:comments>0</slash:comments>
		
		
			</item>
		<item>
		<title>Phụ kiện gói hoa, decor hoa &#8211; Dây ren, Dây cột nơ</title>
		<link>https://lethiphuonglan.github.io/Bloom-flower/san-pham/phu-kien-goi-hoa-decor-hoa-day-ren-day-cot-no/</link>
					<comments>https://lethiphuonglan.github.io/Bloom-flower/san-pham/phu-kien-goi-hoa-decor-hoa-day-ren-day-cot-no/#respond</comments>
		
		<dc:creator><![CDATA[lethiphuonglan]]></dc:creator>
		<pubDate>Wed, 07 Jul 2021 14:52:51 +0000</pubDate>
				<guid isPermaLink="false">https://lethiphuonglan.github.io/Bloom-flower/?post_type=product&#038;p=437</guid>

					<description><![CDATA[<ul>
 	<li>Các sản phẩm Bloom lựa chọn đều là sản phẩm chất lượng tốt nhất trên thị trường.</li>
</ul>]]></description>
										<content:encoded><![CDATA[<ul>
 	<li>Các sản phẩm Bloom lựa chọn đều là sản phẩm chất lượng tốt nhất trên thị trường.</li>
</ul>]]></content:encoded>
					
					<wfw:commentRss>https://lethiphuonglan.github.io/Bloom-flower/san-pham/phu-kien-goi-hoa-decor-hoa-day-ren-day-cot-no/feed/</wfw:commentRss>
			<slash:comments>0</slash:comments>
		
		
			</item>
		<item>
		<title>Phụ kiện gói hoa, decor hoa &#8211; Dây cói</title>
		<link>https://lethiphuonglan.github.io/Bloom-flower/san-pham/phu-kien-goi-hoa-decor-hoa-day-coi/</link>
					<comments>https://lethiphuonglan.github.io/Bloom-flower/san-pham/phu-kien-goi-hoa-decor-hoa-day-coi/#respond</comments>
		
		<dc:creator><![CDATA[lethiphuonglan]]></dc:creator>
		<pubDate>Wed, 07 Jul 2021 14:48:44 +0000</pubDate>
				<guid isPermaLink="false">https://lethiphuonglan.github.io/Bloom-flower/?post_type=product&#038;p=424</guid>

					<description><![CDATA[<ul>
 	<li>Các sản phẩm Bloom lựa chọn đều là sản phẩm chất lượng tốt nhất trên thị trường.</li>
</ul>]]></description>
										<content:encoded><![CDATA[<ul>
 	<li>Các sản phẩm Bloom lựa chọn đều là sản phẩm chất lượng tốt nhất trên thị trường.</li>
</ul>]]></content:encoded>
					
					<wfw:commentRss>https://lethiphuonglan.github.io/Bloom-flower/san-pham/phu-kien-goi-hoa-decor-hoa-day-coi/feed/</wfw:commentRss>
			<slash:comments>0</slash:comments>
		
		
			</item>
		<item>
		<title>Chất liệu gốm, sứ</title>
		<link>https://lethiphuonglan.github.io/Bloom-flower/san-pham/chat-lieu-gom-su/</link>
					<comments>https://lethiphuonglan.github.io/Bloom-flower/san-pham/chat-lieu-gom-su/#respond</comments>
		
		<dc:creator><![CDATA[lethiphuonglan]]></dc:creator>
		<pubDate>Wed, 07 Jul 2021 14:41:07 +0000</pubDate>
				<guid isPermaLink="false">https://lethiphuonglan.github.io/Bloom-flower/?post_type=product&#038;p=415</guid>

					<description><![CDATA[<ul>
 	<li>Sản phẩm thủ công từ gốm sứ cao cấp</li>
 	<li>Sản phẩm i hình.</li>
</ul>]]></description>
										<content:encoded><![CDATA[<ul>
 	<li>Sản phẩm thủ công từ gốm sứ cao cấp</li>
 	<li>Sản phẩm i hình.</li>
</ul>]]></content:encoded>
					
					<wfw:commentRss>https://lethiphuonglan.github.io/Bloom-flower/san-pham/chat-lieu-gom-su/feed/</wfw:commentRss>
			<slash:comments>0</slash:comments>
		
		
			</item>
		<item>
		<title>Những bó hoa vintage mà vẫn sang trọng</title>
		<link>https://lethiphuonglan.github.io/Bloom-flower/san-pham/nhung-bo-hoa-vintage-ma-van-sang-trong-3/</link>
					<comments>https://lethiphuonglan.github.io/Bloom-flower/san-pham/nhung-bo-hoa-vintage-ma-van-sang-trong-3/#respond</comments>
		
		<dc:creator><![CDATA[lethiphuonglan]]></dc:creator>
		<pubDate>Wed, 07 Jul 2021 14:22:37 +0000</pubDate>
				<guid isPermaLink="false">https://lethiphuonglan.github.io/Bloom-flower/?post_type=product&#038;p=397</guid>

					<description><![CDATA[<ul>
 	<li>Sản phẩm như hình</li>
 	<li>Có thể thay đổi màu giấy gói và phụ kiện, vui lòng chọn danh mục lọ hoa, phụ kiện.</li>
</ul>]]></description>
										<content:encoded><![CDATA[<ul>
 	<li>Sản phẩm như hình</li>
 	<li>Có thể thay đổi màu giấy gói và phụ kiện, vui lòng chọn danh mục lọ hoa, phụ kiện.</li>
</ul>]]></content:encoded>
					
					<wfw:commentRss>https://lethiphuonglan.github.io/Bloom-flower/san-pham/nhung-bo-hoa-vintage-ma-van-sang-trong-3/feed/</wfw:commentRss>
			<slash:comments>0</slash:comments>
		
		
			</item>
		<item>
		<title>Hoa khô Kim Cương Nigella</title>
		<link>https://lethiphuonglan.github.io/Bloom-flower/san-pham/hoa-kho-kim-cuong-nigella/</link>
					<comments>https://lethiphuonglan.github.io/Bloom-flower/san-pham/hoa-kho-kim-cuong-nigella/#respond</comments>
		
		<dc:creator><![CDATA[lethiphuonglan]]></dc:creator>
		<pubDate>Tue, 06 Jul 2021 18:08:32 +0000</pubDate>
				<guid isPermaLink="false">https://lethiphuonglan.github.io/Bloom-flower/?post_type=product&#038;p=202</guid>

					<description><![CDATA[✪ Tên: Hoa Nigella / Hoa Kim Cương / Hoa ''Love in a Mist''
✪ Chất Liệu: Hoa thật sấy khô / ướp màu.
✪ Định lượng: 1 bó gồm 5 bông hoa / 10 bông hoa
✪ Màu sắc : trắng / hồng / xanh]]></description>
										<content:encoded><![CDATA[<p>Khách hàng vui lòng đọc phần mô tả sản phẩm trước khi mua nhé &lt;3</p>
<p><img src="https://s.w.org/images/core/emoji/13.0.1/72x72/1f3af.png" alt="🎯" class="wp-smiley" style="height: 1em; max-height: 1em;" /> Mô tả sản Phẩm <img src="https://s.w.org/images/core/emoji/13.0.1/72x72/1f3af.png" alt="🎯" class="wp-smiley" style="height: 1em; max-height: 1em;" /><br />
✪ Tên: Hoa Nigella / Hoa Kim Cương / Hoa &#8221;Love in a Mist&#8221;<br />
✪ Chất Liệu: Hoa thật sấy khô / ướp màu.<br />
✪ Định lượng: 1 bó gồm 5 bông hoa / 10 bông hoa<br />
✪ Màu sắc : trắng / hồng / xanh / đỏ / vàng &#8230;<br />
✪ Hoa Nigella / Hoa kim cương (Love in a Mist) có tên tiếng Italy là Nigella Damascena (tình yêu trong sương) tại Việt Nam được nhiều bạn trẻ gọi với cái tên hoa tình yêu. Hoa kim cương thuộc họ mao lương. Có nguồn gốc từ châu Âu. hoa có hình bát giác với các đường nét mạnh mẽ , kiêu hãnh như viên kim cương.<br />
Hoa mang vẻ đẹp hiện đại , góc cạnh , ấn tượng lạ mắt , hoa được nhuộm nhiều gam màu khá xinh .<br />
Hoa Nigella chưng được lâu , cành khá cứng cáp , hoa khô nhưng luôn luôn đứng dáng.</p>
<p>✪ Note: Đây là cành hoa tự nhiên được sấy khô/ ướp màu thủ công nên mỗi đợt sản phẩm có thể chênh lệch chút về màu sắc, không giống nhau hoàn toàn được ạ . do đó có thể màu sắc giữa ảnh mô tả và hàng thực tế có thể chênh lệch 1 chút , quý khách có thể chat với shop để yêu cầu xem màu sắc hiện tại trước khi đặt đơn nha</p>
]]></content:encoded>
					
					<wfw:commentRss>https://lethiphuonglan.github.io/Bloom-flower/san-pham/hoa-kho-kim-cuong-nigella/feed/</wfw:commentRss>
			<slash:comments>0</slash:comments>
		
		
			</item>
	</channel>
</rss>
