<?xml version="1.0" encoding="UTF-8"?><rss version="2.0"
	xmlns:content="http://purl.org/rss/1.0/modules/content/"
	xmlns:wfw="http://wellformedweb.org/CommentAPI/"
	xmlns:dc="http://purl.org/dc/elements/1.1/"
	xmlns:atom="http://www.w3.org/2005/Atom"
	xmlns:sy="http://purl.org/rss/1.0/modules/syndication/"
	xmlns:slash="http://purl.org/rss/1.0/modules/slash/"
	>

<channel>
	<title>Hoa bán theo bó &#8211; Bloom Flower</title>
	<atom:link href="http://localhost/myproject/wordpress/danh-muc-san-pham/hoa-kho/hoa-ban-theo-bo/feed/" rel="self" type="application/rss+xml" />
	<link>https://lethiphuonglan.github.io/Bloom-flower</link>
	<description>Let flowers speak for you!</description>
	<lastBuildDate>Thu, 15 Jul 2021 16:21:37 +0000</lastBuildDate>
	<language>vi</language>
	<sy:updatePeriod>
	hourly	</sy:updatePeriod>
	<sy:updateFrequency>
	1	</sy:updateFrequency>
	<generator>https://wordpress.org/?v=5.7.2</generator>

<image>
	<url>https://lethiphuonglan.github.io/Bloom-flower/wp-content/uploads/2021/07/cropped-c1ccc56ac57d55e50ef33edf2eae586e-1-32x32.jpeg</url>
	<title>Hoa bán theo bó &#8211; Bloom Flower</title>
	<link>https://lethiphuonglan.github.io/Bloom-flower</link>
	<width>32</width>
	<height>32</height>
</image> 
	<item>
		<title>Bó hoa khô lavender oải hương CÓ MÙI THƠM</title>
		<link>https://lethiphuonglan.github.io/Bloom-flower/san-pham/bo-hoa-kho-lavender-oai-huong-co-mui-thom/</link>
					<comments>https://lethiphuonglan.github.io/Bloom-flower/san-pham/bo-hoa-kho-lavender-oai-huong-co-mui-thom/#respond</comments>
		
		<dc:creator><![CDATA[lethiphuonglan]]></dc:creator>
		<pubDate>Tue, 06 Jul 2021 19:12:46 +0000</pubDate>
				<guid isPermaLink="false">https://lethiphuonglan.github.io/Bloom-flower/?post_type=product&#038;p=268</guid>

					<description><![CDATA[<ul>
<li>Kích thước: chiều dài cành 38-45cm</li>
<li>Bó 100/200/300 cành.</li>
<li>Có mùi thơm.</li>
</ul>
<p>Bài viết <a rel="nofollow" href="https://lethiphuonglan.github.io/Bloom-flower/san-pham/bo-hoa-kho-lavender-oai-huong-co-mui-thom/">Bó hoa khô lavender oải hương CÓ MÙI THƠM</a> đã xuất hiện đầu tiên vào ngày <a rel="nofollow" href="https://lethiphuonglan.github.io/Bloom-flower">Bloom Flower</a>.</p>
]]></description>
										<content:encoded><![CDATA[<p>Bó hoa lavender thơm ngát, Hoa khô oải hương trang trí bình sứ, lọ thủy tinh, thiệp giấy handmade<br />
<img src="https://s.w.org/images/core/emoji/13.0.1/72x72/2764.png" alt="❤" class="wp-smiley" style="height: 1em; max-height: 1em;" /> Kích thước: chiều dài cành 38-45cm.<br />
<img src="https://s.w.org/images/core/emoji/13.0.1/72x72/2764.png" alt="❤" class="wp-smiley" style="height: 1em; max-height: 1em;" /> Dùng để làm qùa tặng, trang trí nhà cửa, quán cafe, cắm bình hoặc làm phụ kiện trang trí chụp ảnh, decor<br />
<img src="https://s.w.org/images/core/emoji/13.0.1/72x72/2764.png" alt="❤" class="wp-smiley" style="height: 1em; max-height: 1em;" /> Hoa Oải Hương Lavender khô được dùng trang trí, tạo phong cách sang trọng và cổ điển. Đặc trưng hoa mang mùi thơm lâu dễ chịu. Để ở góc bàn làm việc giúp xả stress sau những giờ làm việc căng thẳng. Đặt trong phòng ngủ cho giấc ngủ sâu.<br />
<img src="https://s.w.org/images/core/emoji/13.0.1/72x72/2764.png" alt="❤" class="wp-smiley" style="height: 1em; max-height: 1em;" /> Hoa lavender khô còn được dùng làm quà tặng vì được tượng trưng cho sự thủy chung trong tình yêu hoặc trong tình bạn, hoa lavender thể hiện cho sự chân thành. Ngoài ra, hoa lavender còn mang ý nghĩa mang lại may mắn và bình yên.<br />
<img src="https://s.w.org/images/core/emoji/13.0.1/72x72/2764.png" alt="❤" class="wp-smiley" style="height: 1em; max-height: 1em;" /> Mùi hương của Lavender không thể lẫn với bất kỳ loài hoa nào được. Không phải là mùi thanh mát như bạc hà, không phải nồng đậm như hoa hồng mà rất huyễn hoặc mê đắm.<br />
<img src="https://s.w.org/images/core/emoji/13.0.1/72x72/2764.png" alt="❤" class="wp-smiley" style="height: 1em; max-height: 1em;" /> Những cành hoa Lavender khô có thể giữ được nhiều nhất là 5 năm nếu được giữ trong môi trường không khí tốt.<br />
LÀM SAO ĐỂ GIỮ ĐƯỢC MÙI HOA OẢI HƯƠNG ĐƯỢC LÂU DÀI:</p>
<p>1. Không cắm hoa Lavender vào các bình hoa miệng hẹp &#8211; loại bình dùng cắm hoa tươi, các bình hoa đứng hoặc cao vì hơi ẩm lâu ngày tụ lại trong bình hoa sẽ làm hoa oải hương bị ẩm và sinh mốc.</p>
<p>2. Không cắm hoa vào các giỏ hoa mây, tre để không khí ẩm không tụ lại bên trong.</p>
<p>3. Không cắm hoa ở nơi có không khí ẩm như: toilet, nhà bếp, khu vực phơi đồ&#8230;</p>
<p>4. Không cắm hoa trực tiếp dưới ánh nắng mặt trời, hoặc gần nơi nhiệt độ cao vì ánh nắng sẽ làm màu của hoa nhạt dần.</p>
<p>5. Không để nước dính vào hoa.</p>
<p>Bài viết <a rel="nofollow" href="https://lethiphuonglan.github.io/Bloom-flower/san-pham/bo-hoa-kho-lavender-oai-huong-co-mui-thom/">Bó hoa khô lavender oải hương CÓ MÙI THƠM</a> đã xuất hiện đầu tiên vào ngày <a rel="nofollow" href="https://lethiphuonglan.github.io/Bloom-flower">Bloom Flower</a>.</p>
]]></content:encoded>
					
					<wfw:commentRss>https://lethiphuonglan.github.io/Bloom-flower/san-pham/bo-hoa-kho-lavender-oai-huong-co-mui-thom/feed/</wfw:commentRss>
			<slash:comments>0</slash:comments>
		
		
			</item>
		<item>
		<title>Bó 5 cành hoa Brazil hoa hạnh phúc hoa khô đạo cụ chụp decor trang trí màu tự nhiên</title>
		<link>https://lethiphuonglan.github.io/Bloom-flower/san-pham/bo-5-canh-hoa-brazil-hoa-hanh-phuc-hoa-kho-dao-cu-chup-decor-trang-tri-mau-tu-nhien/</link>
					<comments>https://lethiphuonglan.github.io/Bloom-flower/san-pham/bo-5-canh-hoa-brazil-hoa-hanh-phuc-hoa-kho-dao-cu-chup-decor-trang-tri-mau-tu-nhien/#respond</comments>
		
		<dc:creator><![CDATA[lethiphuonglan]]></dc:creator>
		<pubDate>Tue, 06 Jul 2021 18:46:58 +0000</pubDate>
				<guid isPermaLink="false">https://lethiphuonglan.github.io/Bloom-flower/?post_type=product&#038;p=253</guid>

					<description><![CDATA[<p>Hoa có chiều dài từ 30-50cm.<br />
Kích thước đầu hoa từ 0,5 - 0,8 cm</p>
<p>Bài viết <a rel="nofollow" href="https://lethiphuonglan.github.io/Bloom-flower/san-pham/bo-5-canh-hoa-brazil-hoa-hanh-phuc-hoa-kho-dao-cu-chup-decor-trang-tri-mau-tu-nhien/">Bó 5 cành hoa Brazil hoa hạnh phúc hoa khô đạo cụ chụp decor trang trí màu tự nhiên</a> đã xuất hiện đầu tiên vào ngày <a rel="nofollow" href="https://lethiphuonglan.github.io/Bloom-flower">Bloom Flower</a>.</p>
]]></description>
										<content:encoded><![CDATA[<p>Bó 5 cành hoa khô Brazil, hoa hạnh phúc<br />
Hoa có xuất xứ Brazil,, đầu bông bằng đầu đũa, thân mỏng như que tăm.<br />
Hoa có chiều dài từ 30-50cm.<br />
Kích thước đầu hoa từ 0,5 &#8211; 0,8 cm<br />
Bạn hãy cân nhắc trước khi đặt hàng nhé, vì hoa có thể sẽ nhỏ hơn so với bạn tưởng tượng, nó chừng bằng đầu ngón tay út của bạn.<br />
Hoa có tuổi thọ lên đến 10 năm KHÔNG TÀN.</p>
<p>Bài viết <a rel="nofollow" href="https://lethiphuonglan.github.io/Bloom-flower/san-pham/bo-5-canh-hoa-brazil-hoa-hanh-phuc-hoa-kho-dao-cu-chup-decor-trang-tri-mau-tu-nhien/">Bó 5 cành hoa Brazil hoa hạnh phúc hoa khô đạo cụ chụp decor trang trí màu tự nhiên</a> đã xuất hiện đầu tiên vào ngày <a rel="nofollow" href="https://lethiphuonglan.github.io/Bloom-flower">Bloom Flower</a>.</p>
]]></content:encoded>
					
					<wfw:commentRss>https://lethiphuonglan.github.io/Bloom-flower/san-pham/bo-5-canh-hoa-brazil-hoa-hanh-phuc-hoa-kho-dao-cu-chup-decor-trang-tri-mau-tu-nhien/feed/</wfw:commentRss>
			<slash:comments>0</slash:comments>
		
		
			</item>
		<item>
		<title>Bó 5 cành🌿khuynh diệp khô🌿bạch đàn sấy🌿Eucalyptus🌿Lá bạc🌿Lá táo🌿Sliver dollar trang trí decor phong cách Bắc Âu</title>
		<link>https://lethiphuonglan.github.io/Bloom-flower/san-pham/bo-5-canh%f0%9f%8c%bfkhuynh-diep-kho%f0%9f%8c%bfbach-dan-say%f0%9f%8c%bfeucalyptus%f0%9f%8c%bfla-bac%f0%9f%8c%bfla-tao%f0%9f%8c%bfsliver-dollar-trang-tri-decor-phong-cach-bac-au/</link>
					<comments>https://lethiphuonglan.github.io/Bloom-flower/san-pham/bo-5-canh%f0%9f%8c%bfkhuynh-diep-kho%f0%9f%8c%bfbach-dan-say%f0%9f%8c%bfeucalyptus%f0%9f%8c%bfla-bac%f0%9f%8c%bfla-tao%f0%9f%8c%bfsliver-dollar-trang-tri-decor-phong-cach-bac-au/#respond</comments>
		
		<dc:creator><![CDATA[lethiphuonglan]]></dc:creator>
		<pubDate>Tue, 06 Jul 2021 18:33:37 +0000</pubDate>
				<guid isPermaLink="false">https://lethiphuonglan.github.io/Bloom-flower/?post_type=product&#038;p=235</guid>

					<description><![CDATA[<ul>
<li>Bó 5 cành lá khuynh diệp (cành ngẫu nhiên có độ dài khoảng 40cm đến 50cm).</li>
<li>Màu sắc hình ảnh có thể đậm hoặc nhạt hơn màu thực tế do chế độ hiển thị trên mỗi thiết bị khác nhau.</li>
</ul>
<p>Bài viết <a rel="nofollow" href="https://lethiphuonglan.github.io/Bloom-flower/san-pham/bo-5-canh%f0%9f%8c%bfkhuynh-diep-kho%f0%9f%8c%bfbach-dan-say%f0%9f%8c%bfeucalyptus%f0%9f%8c%bfla-bac%f0%9f%8c%bfla-tao%f0%9f%8c%bfsliver-dollar-trang-tri-decor-phong-cach-bac-au/">Bó 5 cành🌿khuynh diệp khô🌿bạch đàn sấy🌿Eucalyptus🌿Lá bạc🌿Lá táo🌿Sliver dollar trang trí decor phong cách Bắc Âu</a> đã xuất hiện đầu tiên vào ngày <a rel="nofollow" href="https://lethiphuonglan.github.io/Bloom-flower">Bloom Flower</a>.</p>
]]></description>
										<content:encoded><![CDATA[<p>Cành lá khuynh diệp khô<img src="https://s.w.org/images/core/emoji/13.0.1/72x72/1f33f.png" alt="🌿" class="wp-smiley" style="height: 1em; max-height: 1em;" />Eucalyptus<img src="https://s.w.org/images/core/emoji/13.0.1/72x72/1f33f.png" alt="🌿" class="wp-smiley" style="height: 1em; max-height: 1em;" />Lá bạc<img src="https://s.w.org/images/core/emoji/13.0.1/72x72/1f33f.png" alt="🌿" class="wp-smiley" style="height: 1em; max-height: 1em;" />Lá táo trang trí decor phong cách Bắc Âu</p>
<p><img src="https://s.w.org/images/core/emoji/13.0.1/72x72/1f33f.png" alt="🌿" class="wp-smiley" style="height: 1em; max-height: 1em;" /> Cành khuynh diệp màu xanh tự nhiên, có mùi thơm nhẹ, được sấy khô theo công nghệ Bắc Âu.</p>
<p><img src="https://s.w.org/images/core/emoji/13.0.1/72x72/1f33f.png" alt="🌿" class="wp-smiley" style="height: 1em; max-height: 1em;" /> Kích thước đa dạng phù hợp trang trí decor nhà cửa, phòng khách, phòng ngủ&#8230; làm đạo cụ chụp ảnh</p>
<p><img src="https://s.w.org/images/core/emoji/13.0.1/72x72/1f33f.png" alt="🌿" class="wp-smiley" style="height: 1em; max-height: 1em;" /> Mầu lá tự nhiên &#8211; thơm nhẹ &#8211; lá còn phấn sẽ có mầu hơi bạc</p>
<p><img src="https://s.w.org/images/core/emoji/13.0.1/72x72/1f33f.png" alt="🌿" class="wp-smiley" style="height: 1em; max-height: 1em;" /> Sản phẩm cành lá khuynh diệp khô nên mầu sẽ thường phai bớt lá không còn dầy sẽ mỏng hơn, lá có thể mất độ xoè mà cụp xuống.<br />
Khách hàng lưu ý trước khi mua ạ.</p>
<p><img src="https://s.w.org/images/core/emoji/13.0.1/72x72/1f33f.png" alt="🌿" class="wp-smiley" style="height: 1em; max-height: 1em;" /> Bảo quản: Để nơi khô ráo, không tưới nước, không sử dụng nước cho hoa khô, tránh ánh nắng trực tiếp, hạn chế chạm vào hoa.</p>
<p><img src="https://s.w.org/images/core/emoji/13.0.1/72x72/1f33f.png" alt="🌿" class="wp-smiley" style="height: 1em; max-height: 1em;" /> Hạn sử dụng: Từ 2 đến 3 năm (tuỳ vào mục đích sử dụng)</p>
<p><img src="https://s.w.org/images/core/emoji/13.0.1/72x72/1f33f.png" alt="🌿" class="wp-smiley" style="height: 1em; max-height: 1em;" /> Định lượng sản phẩm bán: Bó 5 cành lá khuynh diệp (cành ngẫu nhiên có độ dài khoảng 40cm đến 50cm).</p>
<p>✪ Màu sắc hình ảnh có thể đậm hoặc nhạt hơn màu thực tế do chế độ hiển thị trên mỗi thiết bị khác nhau.</p>
<p>Bài viết <a rel="nofollow" href="https://lethiphuonglan.github.io/Bloom-flower/san-pham/bo-5-canh%f0%9f%8c%bfkhuynh-diep-kho%f0%9f%8c%bfbach-dan-say%f0%9f%8c%bfeucalyptus%f0%9f%8c%bfla-bac%f0%9f%8c%bfla-tao%f0%9f%8c%bfsliver-dollar-trang-tri-decor-phong-cach-bac-au/">Bó 5 cành🌿khuynh diệp khô🌿bạch đàn sấy🌿Eucalyptus🌿Lá bạc🌿Lá táo🌿Sliver dollar trang trí decor phong cách Bắc Âu</a> đã xuất hiện đầu tiên vào ngày <a rel="nofollow" href="https://lethiphuonglan.github.io/Bloom-flower">Bloom Flower</a>.</p>
]]></content:encoded>
					
					<wfw:commentRss>https://lethiphuonglan.github.io/Bloom-flower/san-pham/bo-5-canh%f0%9f%8c%bfkhuynh-diep-kho%f0%9f%8c%bfbach-dan-say%f0%9f%8c%bfeucalyptus%f0%9f%8c%bfla-bac%f0%9f%8c%bfla-tao%f0%9f%8c%bfsliver-dollar-trang-tri-decor-phong-cach-bac-au/feed/</wfw:commentRss>
			<slash:comments>0</slash:comments>
		
		
			</item>
		<item>
		<title>Cỏ đuôi thỏ Lagurus xuất xứ Nhật/Mỹ</title>
		<link>https://lethiphuonglan.github.io/Bloom-flower/san-pham/co-duoi-tho-lagurus-xuat-xu-nhat-my/</link>
					<comments>https://lethiphuonglan.github.io/Bloom-flower/san-pham/co-duoi-tho-lagurus-xuat-xu-nhat-my/#respond</comments>
		
		<dc:creator><![CDATA[lethiphuonglan]]></dc:creator>
		<pubDate>Tue, 06 Jul 2021 18:21:23 +0000</pubDate>
				<guid isPermaLink="false">https://lethiphuonglan.github.io/Bloom-flower/?post_type=product&#038;p=214</guid>

					<description><![CDATA[<p>✪ Đầu bông Mỹ và Italy 1,5-3cm.</p>
<p>✪ Đầu bông Nhật: 1-2cm.</p>
<p>✪ Chiều dài: nhiều kích cỡ.</p>
<p>Bài viết <a rel="nofollow" href="https://lethiphuonglan.github.io/Bloom-flower/san-pham/co-duoi-tho-lagurus-xuat-xu-nhat-my/">Cỏ đuôi thỏ Lagurus xuất xứ Nhật/Mỹ</a> đã xuất hiện đầu tiên vào ngày <a rel="nofollow" href="https://lethiphuonglan.github.io/Bloom-flower">Bloom Flower</a>.</p>
]]></description>
										<content:encoded><![CDATA[<p>♛♛ Đuôi thỏ nhập khẩu Nhật/Mỹ chính ngạch (HÀNG HIẾM) ♛♛</p>
<p>Lưu ý: Quý khách vui lòng đọc kỹ mô tả trước khi mua hàng giúp tớ với, nhiều cậu bảo đuôi nhỏ mà tớ không biết phải trả lời như nào :((( đuôi thỏ Mỹ thì nó be bé vừa phải nhìn siêu sang, đâu phải cái gì to đùng là đẹp đâu ạ (ảnh 3,4). Các cậu thích đuôi to thì tìm hàng Trung Quốc đi ạ, bán đầy luôn :((( đuôi vừa to vừa dài trông cực thô, tiền nào của đó, tớ theo đuổi phong cách và vẻ đẹp vintage sang trọng cổ điển nên cái gì thanh sang thì tớ chọn. Tớ xin cảm ơn ạ :'(<br />
Các cậu cắm cành cao cành thấp đẹp lắm nha!</p>
<p>Đây không phải đuôi thỏ Trung Quốc tràn lan trên thị trường nên mn lưu ý phân biệt giúp tớ nha T o T. Các cậu đã mua hoa Trung đảm bảo mua 1 bó bông thì vứt hết nửa ý, đuôi Trung siêu dễ rụng, tưa, màu sắc kém sang&#8230; :'(</p>
<p>Hoa bên tớ bán cho khách toàn được tớ tuyển chọn lựa từng cọng luôn ạ :(( Các cậu yên tâm nhé!</p>
<p>LƯU Ý: Loại của Nhật nó khác ở chỗ đuôi ngắn và mini hơn nữa<br />
✪ Chiều dài đầu bông Nhật: 1-2cm<br />
Hàng Nhật hiếm lắm tớ đang hết.</p>
<p>Bài viết <a rel="nofollow" href="https://lethiphuonglan.github.io/Bloom-flower/san-pham/co-duoi-tho-lagurus-xuat-xu-nhat-my/">Cỏ đuôi thỏ Lagurus xuất xứ Nhật/Mỹ</a> đã xuất hiện đầu tiên vào ngày <a rel="nofollow" href="https://lethiphuonglan.github.io/Bloom-flower">Bloom Flower</a>.</p>
]]></content:encoded>
					
					<wfw:commentRss>https://lethiphuonglan.github.io/Bloom-flower/san-pham/co-duoi-tho-lagurus-xuat-xu-nhat-my/feed/</wfw:commentRss>
			<slash:comments>0</slash:comments>
		
		
			</item>
		<item>
		<title>Hoa khô Craspedia Billy decor phong cách Bắc Âu</title>
		<link>https://lethiphuonglan.github.io/Bloom-flower/san-pham/hoa-kho-craspedia-billy-decor-phong-cach-bac-au/</link>
					<comments>https://lethiphuonglan.github.io/Bloom-flower/san-pham/hoa-kho-craspedia-billy-decor-phong-cach-bac-au/#respond</comments>
		
		<dc:creator><![CDATA[lethiphuonglan]]></dc:creator>
		<pubDate>Tue, 06 Jul 2021 17:59:03 +0000</pubDate>
				<guid isPermaLink="false">https://lethiphuonglan.github.io/Bloom-flower/?post_type=product&#038;p=194</guid>

					<description><![CDATA[<p>Tên gọi khác: Hoa Cúc Vàng Nút Áo Sấy Khô</p>
<p>Bài viết <a rel="nofollow" href="https://lethiphuonglan.github.io/Bloom-flower/san-pham/hoa-kho-craspedia-billy-decor-phong-cach-bac-au/">Hoa khô Craspedia Billy decor phong cách Bắc Âu</a> đã xuất hiện đầu tiên vào ngày <a rel="nofollow" href="https://lethiphuonglan.github.io/Bloom-flower">Bloom Flower</a>.</p>
]]></description>
										<content:encoded><![CDATA[<p>Hoa Cúc Vàng Nút Áo Sấy Khô<br />
Nút áo là tên gọi thân thương của loài hoa Craspedia, thuộc họ Cúc. Hoa nút áo được biết đến lần đầu tiên từ thế kỷ 17 và từ đó, nó luôn khiến con người mê mẩn bởi vẻ đẹp mộc mạc, mảnh mai nhưng không hề thua kém bất kỳ loài hoa nào về độ kiêu sa.</p>
<p>Từng có một thời gian, hoa nút áo &#8220;thống trị&#8221; hầu hết mọi gia đình ở các nước châu Âu. Nhà nào cũng cắm một lọ hoa nút áo để trang trí ở các phòng.</p>
<p>*LƯU Ý KHI SỬ DỤNG<br />
+ Cành dài trên 40cm nên cắm bình cao ( bằng 1 nửa chiều dài của hoa ) hoặc làm điểm nhấn cho hoa phụ.<br />
+Bảo quản : chưng hoa nơi khô ráo , thoáng mát , thi thoảng khênh ra phơi nắng nha. Đặc biệt tránh những khu vực ẩm thấp, hoặc tưới hoa @@<br />
+ Nâng niu từng cọng hoa nha!</p>
<p>***LƯU Ý DÀNH RIÊNG CHO KHÁCH HÀNG QUAY LẠI MUA HÀNG<br />
&#8211; Đối với khách hàng đã mua bên mình và đánh giá 5 sao cho sản phẩm, khi mua lại sẽ được khuyến mại 10% áp dụng trực tiếp trên định lượng hoa trên đơn hàng mới nha!!!<br />
&#8211; Với khách hàng nhận sảm phẩm lỗi vui lòng inbox hoặc gọi điện trực tiếp để được hỗ trợ thủ tục trả hàng/hoàn tiền chứ đùng vội đánh giá 1 sao, tội nghiệp shop :&lt; . Trước khi gửi hàng Dix cũng đã cố gắng chọn lựa và gửi những sản phẩm tốt nhất có thể.</p>
<p>Bài viết <a rel="nofollow" href="https://lethiphuonglan.github.io/Bloom-flower/san-pham/hoa-kho-craspedia-billy-decor-phong-cach-bac-au/">Hoa khô Craspedia Billy decor phong cách Bắc Âu</a> đã xuất hiện đầu tiên vào ngày <a rel="nofollow" href="https://lethiphuonglan.github.io/Bloom-flower">Bloom Flower</a>.</p>
]]></content:encoded>
					
					<wfw:commentRss>https://lethiphuonglan.github.io/Bloom-flower/san-pham/hoa-kho-craspedia-billy-decor-phong-cach-bac-au/feed/</wfw:commentRss>
			<slash:comments>0</slash:comments>
		
		
			</item>
		<item>
		<title>Hoa baby khô decor</title>
		<link>https://lethiphuonglan.github.io/Bloom-flower/san-pham/hoa-baby-kho-decor/</link>
					<comments>https://lethiphuonglan.github.io/Bloom-flower/san-pham/hoa-baby-kho-decor/#respond</comments>
		
		<dc:creator><![CDATA[lethiphuonglan]]></dc:creator>
		<pubDate>Tue, 06 Jul 2021 17:46:15 +0000</pubDate>
				<guid isPermaLink="false">https://lethiphuonglan.github.io/Bloom-flower/?post_type=product&#038;p=178</guid>

					<description><![CDATA[<p>✪ Tên: Hoa Baby Khô<br />
✪ Màu sắc: bấm phân loại sản phẩm để chọn màu<br />
✪ Chất Liệu: Hoa thật sấy khô<br />
✪ Định lượng: 1 phần gồm 1 đến 5 cành, mỗi cành gồm nhiều nhánh hoa nhỏ.<br />
✪ Chiều dài cả cành ~45cm</p>
<p>Bài viết <a rel="nofollow" href="https://lethiphuonglan.github.io/Bloom-flower/san-pham/hoa-baby-kho-decor/">Hoa baby khô decor</a> đã xuất hiện đầu tiên vào ngày <a rel="nofollow" href="https://lethiphuonglan.github.io/Bloom-flower">Bloom Flower</a>.</p>
]]></description>
										<content:encoded><![CDATA[<p>XIN QUÝ KHÁCH VUI LÒNG ĐỌC KỸ MÔ TẢ SẢN PHẨM TRƯỚC KHI MUA!<br />
<img src="https://s.w.org/images/core/emoji/13.0.1/72x72/1f338.png" alt="🌸" class="wp-smiley" style="height: 1em; max-height: 1em;" />Mô tả sản phẩm<img src="https://s.w.org/images/core/emoji/13.0.1/72x72/1f338.png" alt="🌸" class="wp-smiley" style="height: 1em; max-height: 1em;" /><br />
✪ Tên: Hoa Baby Khô<br />
✪ Màu sắc: bấm phân loại sp để chọn màu<br />
✪ Chất Liệu: Hoa thật sấy khô<br />
✪ Định lượng: 1 phần gồm 1 cành<br />
✪ Chiều dài cả cành ~45cm</p>
<p>✪ Note: Hoa mỗi đợt sẽ khác chút xíu do thổ nhưỡng và khí hậu mùa thu hoạch! Đảm bảo vẫn đẹp cho các nàng ạ.</p>
<p>➤➤PHIÊU CAM KẾT➤➤<br />
Tớ bán hàng lấy uy tín làm đầu. Cam kết ảnh sao hàng vậy. Hoa cũng có nhiều loại, hàng loại 1,2,3 và A,B,C =&gt; shop mình duy chỉ nhập hàng loại 1 và Grade A cao cấp nhất với giá cực kì ưu đãi.<br />
<img src="https://s.w.org/images/core/emoji/13.0.1/72x72/2714.png" alt="✔" class="wp-smiley" style="height: 1em; max-height: 1em;" /> Về sản phẩm: Cam kết về chất lượng, số lượng như mô tả (luôn lấy dư cho khách, KH yên tâm ạ).<br />
<img src="https://s.w.org/images/core/emoji/13.0.1/72x72/2714.png" alt="✔" class="wp-smiley" style="height: 1em; max-height: 1em;" /> Về đóng gói: Đóng thùng carton cao cấp, cứng, bảo vệ hoa tối đa, hàng nguyên vẹn khi đến tay khách.<br />
<img src="https://s.w.org/images/core/emoji/13.0.1/72x72/2714.png" alt="✔" class="wp-smiley" style="height: 1em; max-height: 1em;" /> Về dịch vụ: Mình sẽ trả lời hết những thắc mắc xoay quanh sp.<br />
<img src="https://s.w.org/images/core/emoji/13.0.1/72x72/2714.png" alt="✔" class="wp-smiley" style="height: 1em; max-height: 1em;" /> Thời gian chuẩn bị hàng: trong vòng 48h.</p>
<p>➤➤QUYỀN LỢI KHÁCH HÀNG➤➤<br />
<img src="https://s.w.org/images/core/emoji/13.0.1/72x72/2714.png" alt="✔" class="wp-smiley" style="height: 1em; max-height: 1em;" /> Trường hợp sản phẩm không đúng như mô tả, sai sp, sai số lượng, hàng lỗi, hàng hư trong quá trình vận chuyển,&#8230; Inbox ngay cho shop để tớ hướng dẫn trả hàng, hoàn tiền một cách nhanh chóng nhất.<br />
<img src="https://s.w.org/images/core/emoji/13.0.1/72x72/2714.png" alt="✔" class="wp-smiley" style="height: 1em; max-height: 1em;" /> Dành tặng Voucher giảm 10% cho KH đánh giá 5* đính kèm hình ảnh sản phẩm ạ.</p>
<p>➤➤LƯU Ý SỬ DỤNG➤➤<br />
✪ Cách bảo quản hoa: không để hoa ẩm (ko tưới nước, để nơi khô thoáng), không phơi dưới ánh nắng gắt trực tiếp, hạn chế sờ miết hoa.<br />
✪ Dịu dàng với hoa nhé các cậu.<br />
✪ Màu sắc hình ảnh có thể đậm hoặc nhạt hơn màu thực tế do chế độ hiển thị trên mỗi thiết bị khác nhau.</p>
<p>Bài viết <a rel="nofollow" href="https://lethiphuonglan.github.io/Bloom-flower/san-pham/hoa-baby-kho-decor/">Hoa baby khô decor</a> đã xuất hiện đầu tiên vào ngày <a rel="nofollow" href="https://lethiphuonglan.github.io/Bloom-flower">Bloom Flower</a>.</p>
]]></content:encoded>
					
					<wfw:commentRss>https://lethiphuonglan.github.io/Bloom-flower/san-pham/hoa-baby-kho-decor/feed/</wfw:commentRss>
			<slash:comments>0</slash:comments>
		
		
			</item>
		<item>
		<title>Hoa Lúa mạch khô ITALY</title>
		<link>https://lethiphuonglan.github.io/Bloom-flower/san-pham/hoa-lua-mach-kho-italy/</link>
					<comments>https://lethiphuonglan.github.io/Bloom-flower/san-pham/hoa-lua-mach-kho-italy/#respond</comments>
		
		<dc:creator><![CDATA[lethiphuonglan]]></dc:creator>
		<pubDate>Tue, 06 Jul 2021 16:03:02 +0000</pubDate>
				<guid isPermaLink="false">https://lethiphuonglan.github.io/Bloom-flower/?post_type=product&#038;p=159</guid>

					<description><![CDATA[<p>✪ Hoa từng cành đã qua lọc lựa cẩn thận! Khách vui lòng đọc mô tả sản phẩm trước khi mua hàng.</p>
<p>✪ Dried Wheat không râu tớ nhập ITALY chính ngạch, bó full nguyên bản có dán mác tag nguyên.</p>
<p>✪ Định lượng: một bó gồm 5 đến 20 cành hoa, bông nụ to.</p>
<p>✪ Chiều dài đầu bông 5-8cm, chiều dài cả cành hoa 40-45cm.</p>
<p>✪ Note: Đợt này tớ nhập phải đúng mùa vụ hoa to đẹp lắm ạ, mấy mùa khác cành hoa không đc đẹp bằng :"&#62;</p>
<p>Bài viết <a rel="nofollow" href="https://lethiphuonglan.github.io/Bloom-flower/san-pham/hoa-lua-mach-kho-italy/">Hoa Lúa mạch khô ITALY</a> đã xuất hiện đầu tiên vào ngày <a rel="nofollow" href="https://lethiphuonglan.github.io/Bloom-flower">Bloom Flower</a>.</p>
]]></description>
										<content:encoded><![CDATA[<p>Tiền nào của đó, hoa là mặt hàng rất khó vận chuyển nên khách yêu đừng tiếc vài ba đồng mà mua hàng rẻ tiền về nhà cây mềm oặt xài không đc lại vứt đi hết! Bên mình cam kết hoa giao khách từng cành đã qua lọc lựa cẩn thận! Khách vui lòng đọc mô tả sp trước khi mua hàng!</p>
<p>✪ Dried Wheat không râu tớ nhập ITALY chính ngạch, bó full nguyên bản có dán mác tag nguyên vẹn ạ!<br />
✪ Định lượng:<br />
Lúa mạch không râu: 1 phần 5 cành hoa, bông nụ to.<br />
Lúa mạch có râu: 1 phần 5 cành hoa, nụ nhỏ hơn.<br />
✪ chiều dài đầu bông 5-8cm, chiều dài cả cành hoa 40-45cm ạ!</p>
<p>✪ Note: Đợt này tớ nhập phải đúng mùa vụ hoa to đẹp lắm ạ, mấy mùa khác cành hoa không đc đẹp bằng :&#8221;&gt;</p>
<p>&nbsp;</p>
<p><iframe loading="lazy" title="Bó Hoa Lúa Mạch Khô Tự Nhiên Trang Trí Sân Vườn Quà Tặng Đạo Cụ Chụp Ảnh" width="1020" height="765" src="https://www.youtube.com/embed/22Dt7CAKD3U?feature=oembed" frameborder="0" allow="accelerometer; autoplay; clipboard-write; encrypted-media; gyroscope; picture-in-picture" allowfullscreen></iframe></p>
<p>Bài viết <a rel="nofollow" href="https://lethiphuonglan.github.io/Bloom-flower/san-pham/hoa-lua-mach-kho-italy/">Hoa Lúa mạch khô ITALY</a> đã xuất hiện đầu tiên vào ngày <a rel="nofollow" href="https://lethiphuonglan.github.io/Bloom-flower">Bloom Flower</a>.</p>
]]></content:encoded>
					
					<wfw:commentRss>https://lethiphuonglan.github.io/Bloom-flower/san-pham/hoa-lua-mach-kho-italy/feed/</wfw:commentRss>
			<slash:comments>0</slash:comments>
		
		
			</item>
	</channel>
</rss>
