<?xml version="1.0" encoding="UTF-8"?><rss version="2.0"
	xmlns:content="http://purl.org/rss/1.0/modules/content/"
	xmlns:wfw="http://wellformedweb.org/CommentAPI/"
	xmlns:dc="http://purl.org/dc/elements/1.1/"
	xmlns:atom="http://www.w3.org/2005/Atom"
	xmlns:sy="http://purl.org/rss/1.0/modules/syndication/"
	xmlns:slash="http://purl.org/rss/1.0/modules/slash/"
	>

<channel>
	<title>phong cách Bắc Mĩ &#8211; Bloom Flower</title>
	<atom:link href="http://localhost/myproject/wordpress/tu-khoa-san-pham/phong-cach-bac-mi/feed/" rel="self" type="application/rss+xml" />
	<link>https://lethiphuonglan.github.io/Bloom-flower</link>
	<description>Let flowers speak for you!</description>
	<lastBuildDate>Wed, 07 Jul 2021 18:15:06 +0000</lastBuildDate>
	<language>vi</language>
	<sy:updatePeriod>
	hourly	</sy:updatePeriod>
	<sy:updateFrequency>
	1	</sy:updateFrequency>
	<generator>https://wordpress.org/?v=5.7.2</generator>

<image>
	<url>https://lethiphuonglan.github.io/Bloom-flower/wp-content/uploads/2021/07/cropped-c1ccc56ac57d55e50ef33edf2eae586e-1-32x32.jpeg</url>
	<title>phong cách Bắc Mĩ &#8211; Bloom Flower</title>
	<link>https://lethiphuonglan.github.io/Bloom-flower</link>
	<width>32</width>
	<height>32</height>
</image> 
	<item>
		<title>Giỏ nan, tre</title>
		<link>https://lethiphuonglan.github.io/Bloom-flower/san-pham/gio-nan-tre/</link>
					<comments>https://lethiphuonglan.github.io/Bloom-flower/san-pham/gio-nan-tre/#respond</comments>
		
		<dc:creator><![CDATA[lethiphuonglan]]></dc:creator>
		<pubDate>Wed, 07 Jul 2021 18:15:06 +0000</pubDate>
				<guid isPermaLink="false">https://lethiphuonglan.github.io/Bloom-flower/?post_type=product&#038;p=474</guid>

					<description><![CDATA[<ul>
 	<li>Giỏ nan, tre làm thủ công</li>
 	<li>Thiết kế phù hợp cho phong cách decor vintage, thân thiện</li>
</ul>]]></description>
										<content:encoded><![CDATA[<ul>
 	<li>Giỏ nan, tre làm thủ công</li>
 	<li>Thiết kế phù hợp cho phong cách decor vintage, thân thiện</li>
</ul>]]></content:encoded>
					
					<wfw:commentRss>https://lethiphuonglan.github.io/Bloom-flower/san-pham/gio-nan-tre/feed/</wfw:commentRss>
			<slash:comments>0</slash:comments>
		
		
			</item>
		<item>
		<title>Hoa mix sẵn &#8211; decor phong cách Bắc Mĩ</title>
		<link>https://lethiphuonglan.github.io/Bloom-flower/san-pham/hoa-mix-san-decor-phong-cach-bac-mi/</link>
					<comments>https://lethiphuonglan.github.io/Bloom-flower/san-pham/hoa-mix-san-decor-phong-cach-bac-mi/#respond</comments>
		
		<dc:creator><![CDATA[lethiphuonglan]]></dc:creator>
		<pubDate>Wed, 07 Jul 2021 18:12:51 +0000</pubDate>
				<guid isPermaLink="false">https://lethiphuonglan.github.io/Bloom-flower/?post_type=product&#038;p=473</guid>

					<description><![CDATA[<ul>
 	<li>Sản phẩm như hình</li>
 	<li>Không bao gồm lọ đựng sản phẩm, vui lòng chọn thêm lọ tại danh mục phụ kiện</li>
</ul>]]></description>
										<content:encoded><![CDATA[<ul>
 	<li>Sản phẩm như hình</li>
 	<li>Không bao gồm lọ đựng sản phẩm, vui lòng chọn thêm lọ tại danh mục phụ kiện</li>
</ul>]]></content:encoded>
					
					<wfw:commentRss>https://lethiphuonglan.github.io/Bloom-flower/san-pham/hoa-mix-san-decor-phong-cach-bac-mi/feed/</wfw:commentRss>
			<slash:comments>0</slash:comments>
		
		
			</item>
		<item>
		<title>Hoa khô decor &#8211; bông gòn- thông</title>
		<link>https://lethiphuonglan.github.io/Bloom-flower/san-pham/hoa-kho-decor-bong-gon-thong/</link>
					<comments>https://lethiphuonglan.github.io/Bloom-flower/san-pham/hoa-kho-decor-bong-gon-thong/#respond</comments>
		
		<dc:creator><![CDATA[lethiphuonglan]]></dc:creator>
		<pubDate>Wed, 07 Jul 2021 18:09:49 +0000</pubDate>
				<guid isPermaLink="false">https://lethiphuonglan.github.io/Bloom-flower/?post_type=product&#038;p=472</guid>

					<description><![CDATA[<ul>
 	<li>Sản phẩm như hình</li>
 	<li>Không bao gồm lọ đựng sản phẩm, vui lòng chọn thêm lọ tại danh mục phụ kiện</li>
</ul>]]></description>
										<content:encoded><![CDATA[<ul>
 	<li>Sản phẩm như hình</li>
 	<li>Không bao gồm lọ đựng sản phẩm, vui lòng chọn thêm lọ tại danh mục phụ kiện</li>
</ul>]]></content:encoded>
					
					<wfw:commentRss>https://lethiphuonglan.github.io/Bloom-flower/san-pham/hoa-kho-decor-bong-gon-thong/feed/</wfw:commentRss>
			<slash:comments>0</slash:comments>
		
		
			</item>
		<item>
		<title>Lọ hoa cô gái &#8211; Mẫu mới</title>
		<link>https://lethiphuonglan.github.io/Bloom-flower/san-pham/lo-hoa-co-gai-mau-moi/</link>
					<comments>https://lethiphuonglan.github.io/Bloom-flower/san-pham/lo-hoa-co-gai-mau-moi/#respond</comments>
		
		<dc:creator><![CDATA[lethiphuonglan]]></dc:creator>
		<pubDate>Wed, 07 Jul 2021 14:58:31 +0000</pubDate>
				<guid isPermaLink="false">https://lethiphuonglan.github.io/Bloom-flower/?post_type=product&#038;p=445</guid>

					<description><![CDATA[<ul>
 	<li>Sản phẩm làm từ gốm, sứ cao cấp</li>
 	<li>Sản phẩm như hình.</li>
</ul>]]></description>
										<content:encoded><![CDATA[<ul>
 	<li>Sản phẩm làm từ gốm, sứ cao cấp</li>
 	<li>Sản phẩm như hình.</li>
</ul>]]></content:encoded>
					
					<wfw:commentRss>https://lethiphuonglan.github.io/Bloom-flower/san-pham/lo-hoa-co-gai-mau-moi/feed/</wfw:commentRss>
			<slash:comments>0</slash:comments>
		
		
			</item>
		<item>
		<title>Phụ kiện gói hoa, decor hoa &#8211; Dây ren, Dây cột nơ</title>
		<link>https://lethiphuonglan.github.io/Bloom-flower/san-pham/phu-kien-goi-hoa-decor-hoa-day-ren-day-cot-no/</link>
					<comments>https://lethiphuonglan.github.io/Bloom-flower/san-pham/phu-kien-goi-hoa-decor-hoa-day-ren-day-cot-no/#respond</comments>
		
		<dc:creator><![CDATA[lethiphuonglan]]></dc:creator>
		<pubDate>Wed, 07 Jul 2021 14:52:51 +0000</pubDate>
				<guid isPermaLink="false">https://lethiphuonglan.github.io/Bloom-flower/?post_type=product&#038;p=437</guid>

					<description><![CDATA[<ul>
 	<li>Các sản phẩm Bloom lựa chọn đều là sản phẩm chất lượng tốt nhất trên thị trường.</li>
</ul>]]></description>
										<content:encoded><![CDATA[<ul>
 	<li>Các sản phẩm Bloom lựa chọn đều là sản phẩm chất lượng tốt nhất trên thị trường.</li>
</ul>]]></content:encoded>
					
					<wfw:commentRss>https://lethiphuonglan.github.io/Bloom-flower/san-pham/phu-kien-goi-hoa-decor-hoa-day-ren-day-cot-no/feed/</wfw:commentRss>
			<slash:comments>0</slash:comments>
		
		
			</item>
		<item>
		<title>Phụ kiện gói hoa, decor hoa &#8211; Dây cói</title>
		<link>https://lethiphuonglan.github.io/Bloom-flower/san-pham/phu-kien-goi-hoa-decor-hoa-day-coi/</link>
					<comments>https://lethiphuonglan.github.io/Bloom-flower/san-pham/phu-kien-goi-hoa-decor-hoa-day-coi/#respond</comments>
		
		<dc:creator><![CDATA[lethiphuonglan]]></dc:creator>
		<pubDate>Wed, 07 Jul 2021 14:48:44 +0000</pubDate>
				<guid isPermaLink="false">https://lethiphuonglan.github.io/Bloom-flower/?post_type=product&#038;p=424</guid>

					<description><![CDATA[<ul>
 	<li>Các sản phẩm Bloom lựa chọn đều là sản phẩm chất lượng tốt nhất trên thị trường.</li>
</ul>]]></description>
										<content:encoded><![CDATA[<ul>
 	<li>Các sản phẩm Bloom lựa chọn đều là sản phẩm chất lượng tốt nhất trên thị trường.</li>
</ul>]]></content:encoded>
					
					<wfw:commentRss>https://lethiphuonglan.github.io/Bloom-flower/san-pham/phu-kien-goi-hoa-decor-hoa-day-coi/feed/</wfw:commentRss>
			<slash:comments>0</slash:comments>
		
		
			</item>
		<item>
		<title>Chất liệu gốm, sứ</title>
		<link>https://lethiphuonglan.github.io/Bloom-flower/san-pham/chat-lieu-gom-su/</link>
					<comments>https://lethiphuonglan.github.io/Bloom-flower/san-pham/chat-lieu-gom-su/#respond</comments>
		
		<dc:creator><![CDATA[lethiphuonglan]]></dc:creator>
		<pubDate>Wed, 07 Jul 2021 14:41:07 +0000</pubDate>
				<guid isPermaLink="false">https://lethiphuonglan.github.io/Bloom-flower/?post_type=product&#038;p=415</guid>

					<description><![CDATA[<ul>
 	<li>Sản phẩm thủ công từ gốm sứ cao cấp</li>
 	<li>Sản phẩm i hình.</li>
</ul>]]></description>
										<content:encoded><![CDATA[<ul>
 	<li>Sản phẩm thủ công từ gốm sứ cao cấp</li>
 	<li>Sản phẩm i hình.</li>
</ul>]]></content:encoded>
					
					<wfw:commentRss>https://lethiphuonglan.github.io/Bloom-flower/san-pham/chat-lieu-gom-su/feed/</wfw:commentRss>
			<slash:comments>0</slash:comments>
		
		
			</item>
		<item>
		<title>Những bó hoa vintage mà vẫn sang trọng</title>
		<link>https://lethiphuonglan.github.io/Bloom-flower/san-pham/nhung-bo-hoa-vintage-ma-van-sang-trong-3/</link>
					<comments>https://lethiphuonglan.github.io/Bloom-flower/san-pham/nhung-bo-hoa-vintage-ma-van-sang-trong-3/#respond</comments>
		
		<dc:creator><![CDATA[lethiphuonglan]]></dc:creator>
		<pubDate>Wed, 07 Jul 2021 14:22:37 +0000</pubDate>
				<guid isPermaLink="false">https://lethiphuonglan.github.io/Bloom-flower/?post_type=product&#038;p=397</guid>

					<description><![CDATA[<ul>
 	<li>Sản phẩm như hình</li>
 	<li>Có thể thay đổi màu giấy gói và phụ kiện, vui lòng chọn danh mục lọ hoa, phụ kiện.</li>
</ul>]]></description>
										<content:encoded><![CDATA[<ul>
 	<li>Sản phẩm như hình</li>
 	<li>Có thể thay đổi màu giấy gói và phụ kiện, vui lòng chọn danh mục lọ hoa, phụ kiện.</li>
</ul>]]></content:encoded>
					
					<wfw:commentRss>https://lethiphuonglan.github.io/Bloom-flower/san-pham/nhung-bo-hoa-vintage-ma-van-sang-trong-3/feed/</wfw:commentRss>
			<slash:comments>0</slash:comments>
		
		
			</item>
		<item>
		<title>Những bó hoa vintage mà vẫn sang trọng</title>
		<link>https://lethiphuonglan.github.io/Bloom-flower/san-pham/nhung-bo-hoa-vintage-ma-van-sang-trong-2/</link>
					<comments>https://lethiphuonglan.github.io/Bloom-flower/san-pham/nhung-bo-hoa-vintage-ma-van-sang-trong-2/#respond</comments>
		
		<dc:creator><![CDATA[lethiphuonglan]]></dc:creator>
		<pubDate>Wed, 07 Jul 2021 14:20:28 +0000</pubDate>
				<guid isPermaLink="false">https://lethiphuonglan.github.io/Bloom-flower/?post_type=product&#038;p=396</guid>

					<description><![CDATA[<ul>
 	<li>Sản phẩm như hình</li>
 	<li>Có thể thay đổi màu giấy gói và phụ kiện, vui lòng chọn danh mục lọ hoa, phụ kiện.</li>
</ul>]]></description>
										<content:encoded><![CDATA[<ul>
 	<li>Sản phẩm như hình</li>
 	<li>Có thể thay đổi màu giấy gói và phụ kiện, vui lòng chọn danh mục lọ hoa, phụ kiện.</li>
</ul>]]></content:encoded>
					
					<wfw:commentRss>https://lethiphuonglan.github.io/Bloom-flower/san-pham/nhung-bo-hoa-vintage-ma-van-sang-trong-2/feed/</wfw:commentRss>
			<slash:comments>0</slash:comments>
		
		
			</item>
		<item>
		<title>Những bó hoa vintage mà vẫn sang trọng</title>
		<link>https://lethiphuonglan.github.io/Bloom-flower/san-pham/nhung-bo-hoa-vintage-ma-van-sang-trong/</link>
					<comments>https://lethiphuonglan.github.io/Bloom-flower/san-pham/nhung-bo-hoa-vintage-ma-van-sang-trong/#respond</comments>
		
		<dc:creator><![CDATA[lethiphuonglan]]></dc:creator>
		<pubDate>Wed, 07 Jul 2021 14:17:35 +0000</pubDate>
				<guid isPermaLink="false">https://lethiphuonglan.github.io/Bloom-flower/?post_type=product&#038;p=394</guid>

					<description><![CDATA[<ul>
 	<li>Sản phẩm như hình</li>
 	<li>Có thể thay đổi màu giấy gói và phụ kiện, vui lòng chọn danh mục lọ hoa, phụ kiện.</li>
</ul>]]></description>
										<content:encoded><![CDATA[<ul>
 	<li>Sản phẩm như hình</li>
 	<li>Có thể thay đổi màu giấy gói và phụ kiện, vui lòng chọn danh mục lọ hoa, phụ kiện.</li>
</ul>]]></content:encoded>
					
					<wfw:commentRss>https://lethiphuonglan.github.io/Bloom-flower/san-pham/nhung-bo-hoa-vintage-ma-van-sang-trong/feed/</wfw:commentRss>
			<slash:comments>0</slash:comments>
		
		
			</item>
	</channel>
</rss>
